"February 22, 2026 - February 28, 2026",,,,,,,,,LW Budget,,,,,,,,,,,,,,,,,,,,,,
Brand,Region,Category,Opportunity Score Only  Split,Max Ad ROI,IS at Max ROI,Spend @ Max Ad OI,Min Spend,Opportunity Score,48000,Total Spend,Diff from Spend @ Max Ad OI,Opp Score 2,9080.192892316103,Total Spend,Diff from Spend @ Max Ad OI,Opp Score 3,1047.4358056709507,Total Spend,Diff from Spend @ Max Ad OI,Opp Score 4,0,Total Spend,Diff from Spend @ Max Ad OI,Opp Score 5,0,Total Spend,Diff from Spend @ Max Ad OI,,Total,Diff from Spend @ Max Ad OI,Final
BP,ARIZONA,CP,2124.520893127332,6793.512150421133,58,620.5240377275718,0,22.05422541866899,620.5240377275718,620.5240377275718,0,0,0,620.5240377275718,0,0,0,620.5240377275718,0,0,0,620.5240377275718,0,0,0,620.5240377275718,0,,620.5240377275718,0,620.5240377275718
BP,ARIZONA,NB BRAKES,3132.6174661373443,22161.52715416051,57,8394.63133640553,0,32.51907381666402,3132.6174661373443,3132.6174661373443,5262.013870268185,32.51907381666402,978.6786496891776,4111.296115826522,4283.335220579008,32.51907381666402,151.55478444473545,4262.850900271257,4131.780436134272,32.51907381666402,0,4262.850900271257,4131.780436134272,32.51907381666402,0,4262.850900271257,4131.780436134272,,4262.850900271257,4131.780436134272,4262.850900271257
BP,ARIZONA,NB BRAKES T2,1267.1685447916236,4490.801327243833,49,1540.0194274731487,0,13.154222592343446,1267.1685447916236,1267.1685447916236,272.85088268152504,13.154222592343446,272.85088268152504,1540.0194274731487,0,0,0,1540.0194274731487,0,0,0,1540.0194274731487,0,0,0,1540.0194274731487,0,,1540.0194274731487,0,1540.0194274731487
BP,ARIZONA,NB OIL CHANGE,1267.1685447916236,2763.961040236686,59,6169.831455456434,0,13.154222592343446,1267.1685447916236,1267.1685447916236,4902.662910664811,13.154222592343446,395.883255376989,1663.0518001686125,4506.779655287822,13.154222592343446,61.305109141795135,1724.3569093104077,4445.474546146026,13.154222592343446,0,1724.3569093104077,4445.474546146026,13.154222592343446,0,1724.3569093104077,4445.474546146026,,1724.3569093104077,4445.474546146026,1724.3569093104077
BP,ARIZONA,NB OTHER SERVICES,5134.562574748868,16995.27214920845,57,2985.0366553736126,0,53.300864593091156,2985.0366553736126,2985.0366553736126,0,0,0,2985.0366553736126,0,0,0,2985.0366553736126,0,0,0,2985.0366553736126,0,0,0,2985.0366553736126,0,,2985.0366553736126,0,2985.0366553736126
BP,ARIZONA,NB WHEEL ALIGNMENT,965.9957536826105,2287.043744130894,52,1264.3423226515692,0,10.027808233899293,965.9957536826105,965.9957536826105,298.34656896895876,10.027808233899293,298.34656896895876,1264.3423226515692,0,0,0,1264.3423226515692,0,0,0,1264.3423226515692,0,0,0,1264.3423226515692,0,,1264.3423226515692,0,1264.3423226515692
BP,ARIZONA,TOTAL,13892.033777279401,55492.11756540152,,20974.385235087866,0,35.759713665201815,10238.511002504387,10238.511002504387,10735.87423258348,,1945.7593567166505,12184.270359221038,8790.114875866828,,212.85989358653057,12397.130252807568,8577.254982280298,,0,12397.130252807568,8577.254982280298,,0,12397.130252807568,8577.254982280298,,12397.130252807568,8577.254982280298,12397.130252807568
BP,COLORADO,CP,413.4724530250662,4149.551666043162,51,760.0005259365995,0,4.292174632371716,413.4724530250662,413.4724530250662,346.5280729115333,4.292174632371716,129.1752556398797,542.6477086649459,217.35281727165363,4.292174632371716,20.00363247968385,562.6513411446297,197.34918479196983,4.292174632371716,0,562.6513411446297,197.34918479196983,4.292174632371716,0,562.6513411446297,197.34918479196983,,562.6513411446297,197.34918479196983,562.6513411446297
BP,COLORADO,NB BRAKES,1653.8898121002649,26533.41839279139,57,7672.468202764977,0,17.168698529486864,1653.8898121002649,1653.8898121002649,6018.578390664712,17.168698529486864,516.7010225595188,2170.5908346597835,5501.877368105193,17.168698529486864,80.0145299187354,2250.6053645785187,5421.862838186458,17.168698529486864,0,2250.6053645785187,5421.862838186458,17.168698529486864,0,2250.6053645785187,5421.862838186458,,2250.6053645785187,5421.862838186458,2250.6053645785187
BP,COLORADO,NB BRAKES T2,1716.8878427174354,6374.839676554856,51,2059.4885250891793,0,17.82266845402741,1716.8878427174354,1716.8878427174354,342.6006823717439,17.82266845402741,342.6006823717439,2059.4885250891793,0,0,0,2059.4885250891793,0,0,0,2059.4885250891793,0,0,0,2059.4885250891793,0,,2059.4885250891793,0,2059.4885250891793
BP,COLORADO,NB OIL CHANGE,1716.8878427174354,6554.387793745549,57,6498.259471059679,0,17.82266845402741,1716.8878427174354,1716.8878427174354,4781.371628342244,17.82266845402741,536.3825917916259,2253.2704345090615,4244.989036550617,17.82266845402741,83.06234953087619,2336.332784039938,4161.926687019741,17.82266845402741,0,2336.332784039938,4161.926687019741,17.82266845402741,0,2336.332784039938,4161.926687019741,,2336.332784039938,4161.926687019741,2336.332784039938
BP,COLORADO,NB OTHER SERVICES,3226.2080153542947,17412.001814995794,55,3573.6711111111113,0,33.490618542896065,3226.2080153542947,3226.2080153542947,347.46309575681653,33.490618542896065,347.46309575681653,3573.6711111111113,0,0,0,3573.6711111111113,0,0,0,3573.6711111111113,0,0,0,3573.6711111111113,0,,3573.6711111111113,0,3573.6711111111113
BP,COLORADO,NB WHEEL ALIGNMENT,1179.0231485123543,3206.1589700795284,55,2301.8207246816255,0,12.239202906987778,1179.0231485123543,1179.0231485123543,1122.7975761692712,12.239202906987778,368.34525613532514,1547.3684046476794,754.4523200339461,12.239202906987778,57.04067000190471,1604.4090746495842,697.4116500320413,12.239202906987778,0,1604.4090746495842,697.4116500320413,12.239202906987778,0,1604.4090746495842,697.4116500320413,,1604.4090746495842,697.4116500320413,1604.4090746495842
BP,COLORADO,TOTAL,9906.369114426852,64230.35831421027,,22865.708560643172,0,38.52660061722504,9906.369114426852,9906.369114426852,12959.33944621632,,2240.66790425491,12147.037018681762,10718.67154196141,,240.12118193120017,12387.158200612961,10478.55036003021,,0,12387.158200612961,10478.55036003021,,0,12387.158200612961,10478.55036003021,,12387.158200612961,10478.55036003021,12387.158200612961
BP,MIDWEST,CP,237.84394943288507,874.6654003761416,42,245.42889655172416,0,2.4690103506291914,237.84394943288507,237.84394943288507,7.5849471188390964,2.4690103506291914,7.5849471188390964,245.42889655172416,0,0,0,245.42889655172416,0,0,0,245.42889655172416,0,0,0,245.42889655172416,0,,245.42889655172416,0,245.42889655172416
BP,MIDWEST,NB BRAKES,8557.71525285777,22691.843242750932,55,3558.8825790654973,0,88.83592619204029,3558.8825790654973,3558.8825790654973,0,0,0,3558.8825790654973,0,0,0,3558.8825790654973,0,0,0,3558.8825790654973,0,0,0,3558.8825790654973,0,,3558.8825790654973,0,3558.8825790654973
BP,MIDWEST,NB OIL CHANGE,916.1285806741224,10103.287721901681,59,7348.894888597042,0,9.510147109417687,916.1285806741224,916.1285806741224,6432.76630792292,9.510147109417687,286.21288490144144,1202.341465575564,6146.553423021478,9.510147109417687,44.32193559174924,1246.6634011673132,6102.231487429729,9.510147109417687,0,1246.6634011673132,6102.231487429729,9.510147109417687,0,1246.6634011673132,6102.231487429729,,1246.6634011673132,6102.231487429729,1246.6634011673132
BP,MIDWEST,NB OTHER SERVICES,3118.736800144624,13514.061274928841,55,2690.8993563958174,0,32.374981406109235,2690.8993563958174,2690.8993563958174,0,0,0,2690.8993563958174,0,0,0,2690.8993563958174,0,0,0,2690.8993563958174,0,0,0,2690.8993563958174,0,,2690.8993563958174,0,2690.8993563958174
BP,MIDWEST,NB WHEEL ALIGNMENT,338.3718036050975,2119.6973083284493,59,1222.35736677116,0,3.512569848651119,338.3718036050975,338.3718036050975,883.9855631660625,3.512569848651119,105.7126391667157,444.0844427718132,778.2729239993469,3.512569848651119,16.370292993603115,460.45473576541633,761.9026310057437,3.512569848651119,0,460.45473576541633,761.9026310057437,3.512569848651119,0,460.45473576541633,761.9026310057437,,460.45473576541633,761.9026310057437,460.45473576541633
BP,MIDWEST,TOTAL,13168.796386714499,49303.554948286044,,15066.463087381242,0,50.16071076945756,7742.12626917342,7742.12626917342,7324.336818207822,,399.51047118699626,8141.636740360416,6924.826347020826,,60.69222858535235,8202.328968945769,6864.134118435473,,0,8202.328968945769,6864.134118435473,,0,8202.328968945769,6864.134118435473,,8202.328968945769,6864.134118435473,8202.328968945769
BP,TEXAS,CP,900.0773045956015,11242.959427010484,56,1433.540392479758,0,9.343522030776121,900.0773045956015,900.0773045956015,533.4630878841566,9.343522030776121,281.19821542196456,1181.2755200175661,252.264872462192,9.343522030776121,43.545381252625674,1224.8209012701918,208.71949120956629,9.343522030776121,0,1224.8209012701918,208.71949120956629,9.343522030776121,0,1224.8209012701918,208.71949120956629,,1224.8209012701918,208.71949120956629,1224.8209012701918
BP,TEXAS,NB BRAKES,6494.7176758718815,50000.28175348464,58,9833.76986575774,0,67.42036198262404,6494.7176758718815,6494.7176758718815,3339.0521898858588,67.42036198262404,2029.0512945943103,8523.768970466192,1310.0008952915487,67.42036198262404,314.2118525597919,8837.980823025984,995.7890427317561,67.42036198262404,0,8837.980823025984,995.7890427317561,67.42036198262404,0,8837.980823025984,995.7890427317561,,8837.980823025984,995.7890427317561,8837.980823025984
BP,TEXAS,NB OIL CHANGE,959.5147054045472,5081.988551161676,59,8891.016989298678,0,9.960529771194564,959.5147054045472,959.5147054045472,7931.50228389413,9.960529771194564,299.76738826018527,1259.2820936647324,7631.734895633946,9.960529771194564,46.42093901380435,1305.7030326785368,7585.313956620141,9.960529771194564,0,1305.7030326785368,7585.313956620141,9.960529771194564,0,1305.7030326785368,7585.313956620141,,1305.7030326785368,7585.313956620141,1305.7030326785368
BP,TEXAS,NB OTHER SERVICES,1596.6588449438746,20464.73090464752,59,9125.240849069183,0,16.57459533441896,1596.6588449438746,1596.6588449438746,7528.582004125308,16.57459533441896,498.8211740741928,2095.480019018067,7029.7608300511165,16.57459533441896,77.24571853824935,2172.7257375563167,6952.5151115128665,16.57459533441896,0,2172.7257375563167,6952.5151115128665,16.57459533441896,0,2172.7257375563167,6952.5151115128665,,2172.7257375563167,6952.5151115128665,2172.7257375563167
BP,TEXAS,NB WHEEL ALIGNMENT,1081.8321907633365,5681.86412110544,57,4116.264912688757,0,11.230283061677175,1081.8321907633365,1081.8321907633365,3034.432721925421,11.230283061677175,337.9812821359424,1419.8134728992788,2696.451439789478,11.230283061677175,52.33861020339627,1472.152083102675,2644.112829586082,11.230283061677175,0,1472.152083102675,2644.112829586082,11.230283061677175,0,1472.152083102675,2644.112829586082,,1472.152083102675,2644.112829586082,1472.152083102675
BP,TEXAS,TOTAL,11032.80072157924,92471.82475740975,,33399.83300929411,0,27.76302601827768,11032.80072157924,11032.80072157924,22367.032287714872,,3446.8193544865953,14479.620076065836,18920.212933228275,,533.7625015678675,15013.382577633703,18386.450431660407,,0,15013.382577633703,18386.450431660407,,0,15013.382577633703,18386.450431660407,,15013.382577633705,18386.450431660407,15013.382577633705
,,,,,,,,,,,,,,,,,,,,,,,,,,,,,,,
BP,ALL,TOTAL,47999.99999999999,261497.85558530755,0,92306.38989240638,0,33.27360205503995,38919.8071076839,38919.8071076839,53386.58278472249,,8032.757086645152,46952.564194329054,45353.82569807733,,1047.4358056709507,48000,44306.38989240638,,0,48000,44306.38989240638,,0,48000,44306.38989240638,,48000.00000000001,44306.389892406376,48000.00000000001
,,,,,,,,,,,,,,,,,,,,,,,,,,,,,,,
MAVIS,GEORGIA,CP,422.57166813852007,27581.165728862932,56,4413.118142104809,0,4.3866317600442395,422.57166813852007,422.57166813852007,3990.5464739662884,4.3866317600442395,132.01799263433531,554.5896607728554,3858.528481331953,4.3866317600442395,20.44384888019961,575.033509653055,3838.0846324517534,4.3866317600442395,0,575.033509653055,3838.0846324517534,4.3866317600442395,0,575.033509653055,3838.0846324517534,,575.033509653055,3838.0846324517534,575.033509653055
MAVIS,GEORGIA,NB AUTO SERVICE,2220.5755804085925,26297.530221754896,58,7026.215597643097,0,23.051349868079487,2220.5755804085925,2220.5755804085925,4805.640017234504,23.051349868079487,693.7425121512623,2914.318092559855,4111.897505083241,23.051349868079487,107.43056152560972,3021.7486540854648,4004.466943557632,23.051349868079487,0,3021.7486540854648,4004.466943557632,23.051349868079487,0,3021.7486540854648,4004.466943557632,,3021.7486540854648,4004.466943557632,3021.7486540854648
MAVIS,GEORGIA,NB BRAKES,2532.2980272787577,6338.2842710223085,59,13685.236137140957,0,26.287278087742163,2532.2980272787577,2532.2980272787577,11152.9381098622,26.287278087742163,791.1294758257233,3323.427503104481,10361.808634036475,26.287278087742163,122.51156926200788,3445.9390723664887,10239.297064774468,26.287278087742163,0,3445.9390723664887,10239.297064774468,26.287278087742163,0,3445.9390723664887,10239.297064774468,,3445.9390723664887,10239.297064774468,3445.9390723664887
MAVIS,GEORGIA,NB TIRE SERVICE,4030.1824588813447,17256.610706688778,57,6038.4999360931015,0,41.83651604183482,4030.1824588813447,4030.1824588813447,2008.3174772117568,41.83651604183482,1259.0919796289213,5289.274438510266,749.2254975828355,41.83651604183482,194.9786210513125,5484.253059561578,554.2468765315234,41.83651604183482,0,5484.253059561578,554.2468765315234,41.83651604183482,0,5484.253059561578,554.2468765315234,,5484.253059561578,554.2468765315234,5484.253059561578
MAVIS,GEORGIA,NB TIRES,591.0005617536335,77141.05933928202,59,49668.718108789195,0,6.135058334158472,591.0005617536335,591.0005617536335,49077.71754703556,6.135058334158472,184.63781103020654,775.63837278384,48893.079736005355,6.135058334158472,28.592371622613715,804.2307444064538,48864.48736438274,6.135058334158472,0,804.2307444064538,48864.48736438274,6.135058334158472,0,804.2307444064538,48864.48736438274,,804.2307444064538,48864.48736438274,804.2307444064538
MAVIS,GEORGIA,TOTAL,9796.628296460849,154614.6502676109,,80831.78792177116,0,17.615383361738324,9796.628296460849,9796.628296460849,71035.1596253103,,3060.619771270449,12857.248067731298,67974.53985403986,,473.95697234174344,13331.20504007304,67500.58288169812,,0,13331.20504007304,67500.58288169812,,0,13331.20504007304,67500.58288169812,,13331.20504007304,67500.58288169812,13331.20504007304
,,,,,,,,,,,,,,,,,,,,,,,,,,,,,,,
