1,2,3,4,5,6,7,8,9,
Campaign,Brand,Engine,Camp Type,Category,Category 1,Category 2,Region,Category 3,
BP_G_PMX_ARIZONA,BP,G,PMX,PMX,PMX,PMX,ARIZONA,,
BP_G_PMX_COLORADO,BP,G,PMX,PMX,PMX,PMX,COLORADO,,
BP_G_PMX_NEBRASKA,BP,G,PMX,PMX,PMX,PMX,NEBRASKA,,
BP_G_PMX_TEXAS,BP,G,PMX,PMX,PMX,PMX,TEXAS,,
BP_G_SEM_BR_ARIZONA_BRAND ONLY,BP,G,SEM,BR,BR,BR,ARIZONA,BRAND ONLY,
BP_G_SEM_BR_ARIZONA_BRAND+,BP,G,SEM,BR,BR,BR,ARIZONA,BRAND+,
BP_G_SEM_BR_ARIZONA_BRAND+OIL CHANGE,BP,G,SEM,BR,BR,BR,ARIZONA,BRAND+OIL CHANGE,
BP_G_SEM_BR_ARIZONA_BRAND+SERVICES,BP,G,SEM,BR,BR,BR,ARIZONA,BRAND+SERVICES,
BP_G_SEM_BR_ARIZONA_BRAND+WHEEL ALIGNMENT,BP,G,SEM,BR,BR,BR,ARIZONA,BRAND+WHEEL ALIGNMENT,
BP_G_SEM_BR_COLORADO_BRAND ONLY,BP,G,SEM,BR,BR,BR,COLORADO,BRAND ONLY,
BP_G_SEM_BR_COLORADO_BRAND+,BP,G,SEM,BR,BR,BR,COLORADO,BRAND+,
BP_G_SEM_BR_COLORADO_BRAND+OIL CHANGE,BP,G,SEM,BR,BR,BR,COLORADO,BRAND+OIL CHANGE,
BP_G_SEM_BR_COLORADO_BRAND+SERVICES,BP,G,SEM,BR,BR,BR,COLORADO,BRAND+SERVICES,
BP_G_SEM_BR_COLORADO_BRAND+WHEEL ALIGNMENT,BP,G,SEM,BR,BR,BR,COLORADO,BRAND+WHEEL ALIGNMENT,
BP_G_SEM_BR_MIDWEST_BRAND ONLY,BP,G,SEM,BR,BR,BR,MIDWEST,BRAND ONLY,
BP_G_SEM_BR_MIDWEST_BRAND+,BP,G,SEM,BR,BR,BR,MIDWEST,BRAND+,
BP_G_SEM_BR_MIDWEST_BRAND+OIL CHANGE,BP,G,SEM,BR,BR,BR,MIDWEST,BRAND+OIL CHANGE,
BP_G_SEM_BR_MIDWEST_BRAND+SERVICES,BP,G,SEM,BR,BR,BR,MIDWEST,BRAND+SERVICES,
BP_G_SEM_BR_MIDWEST_BRAND+WHEEL ALIGNMENT,BP,G,SEM,BR,BR,BR,MIDWEST,BRAND+WHEEL ALIGNMENT,
BP_G_SEM_BR_TEXAS_BRAND ONLY,BP,G,SEM,BR,BR,BR,TEXAS,BRAND ONLY,
BP_G_SEM_BR_TEXAS_BRAND+,BP,G,SEM,BR,BR,BR,TEXAS,BRAND+,
BP_G_SEM_BR_TEXAS_BRAND+OIL CHANGE,BP,G,SEM,BR,BR,BR,TEXAS,BRAND+OIL CHANGE,
BP_G_SEM_BR_TEXAS_BRAND+SERVICES,BP,G,SEM,BR,BR,BR,TEXAS,BRAND+SERVICES,
BP_G_SEM_BR_TEXAS_BRAND+WHEEL ALIGNMENT,BP,G,SEM,BR,BR,BR,TEXAS,BRAND+WHEEL ALIGNMENT,
BP_G_SEM_CP_ARIZONA_Competition,BP,G,SEM,CP,CP,CP,ARIZONA,Competition,
BP_G_SEM_CP_ARIZONA_FIRESTONE,BP,G,SEM,CP,CP,CP,ARIZONA,FIRESTONE,
BP_G_SEM_CP_ARIZONA_GOODYEAR,BP,G,SEM,CP,CP,CP,ARIZONA,GOODYEAR,
BP_G_SEM_CP_ARIZONA_MIDAS,BP,G,SEM,CP,CP,CP,ARIZONA,MIDAS,
BP_G_SEM_CP_ARIZONA_WALMART,BP,G,SEM,CP,CP,CP,ARIZONA,WALMART,
BP_G_SEM_CP_COLORADO_COMPETITION,BP,G,SEM,CP,CP,CP,COLORADO,COMPETITION,
BP_G_SEM_CP_COLORADO_FIRESTONE,BP,G,SEM,CP,CP,CP,COLORADO,FIRESTONE,
BP_G_SEM_CP_COLORADO_GOODYEAR,BP,G,SEM,CP,CP,CP,COLORADO,GOODYEAR,
BP_G_SEM_CP_COLORADO_MIDAS,BP,G,SEM,CP,CP,CP,COLORADO,MIDAS,
BP_G_SEM_CP_COLORADO_WALMART,BP,G,SEM,CP,CP,CP,COLORADO,WALMART,
BP_G_SEM_CP_MIDWEST_COMPETITION,BP,G,SEM,CP,CP,CP,MIDWEST,COMPETITION,
BP_G_SEM_CP_MIDWEST_FIRESTONE,BP,G,SEM,CP,CP,CP,MIDWEST,FIRESTONE,
BP_G_SEM_CP_MIDWEST_GOODYEAR,BP,G,SEM,CP,CP,CP,MIDWEST,GOODYEAR,
BP_G_SEM_CP_MIDWEST_MIDAS,BP,G,SEM,CP,CP,CP,MIDWEST,MIDAS,
BP_G_SEM_CP_MIDWEST_WALMART,BP,G,SEM,CP,CP,CP,MIDWEST,WALMART,
BP_G_SEM_CP_TEXAS_Competition,BP,G,SEM,CP,CP,CP,TEXAS,Competition,
BP_G_SEM_CP_TEXAS_FIRESTONE,BP,G,SEM,CP,CP,CP,TEXAS,FIRESTONE,
BP_G_SEM_CP_TEXAS_GOODYEAR,BP,G,SEM,CP,CP,CP,TEXAS,GOODYEAR,
BP_G_SEM_CP_TEXAS_MIDAS,BP,G,SEM,CP,CP,CP,TEXAS,MIDAS,
BP_G_SEM_CP_TEXAS_WALMART,BP,G,SEM,CP,CP,CP,TEXAS,WALMART,
BP_G_SEM_NB AI_COLORADO_AI,BP,G,SEM,NB AI,NB AI,NB AI,COLORADO,AI,
BP_G_SEM_NB_ARIZONA_BRAKES,BP,G,SEM,NB BRAKES,NB,BRAKES,ARIZONA,BRAKES,
BP_G_SEM_NB_ARIZONA_OIL CHANGE,BP,G,SEM,NB OIL CHANGE,NB,OIL CHANGE,ARIZONA,OIL CHANGE,
BP_G_SEM_NB_ARIZONA_OTHER SERVICES,BP,G,SEM,NB OTHER SERVICES,NB,OTHER SERVICES,ARIZONA,OTHER SERVICES,
BP_G_SEM_NB_ARIZONA_WHEEL ALIGNMENT,BP,G,SEM,NB WHEEL ALIGNMENT,NB,WHEEL ALIGNMENT,ARIZONA,WHEEL ALIGNMENT,
BP_G_SEM_NB_COLORADO_BRAKES,BP,G,SEM,NB BRAKES,NB,BRAKES,COLORADO,BRAKES,
BP_G_SEM_NB_COLORADO_OIL CHANGE,BP,G,SEM,NB OIL CHANGE,NB,OIL CHANGE,COLORADO,OIL CHANGE,
BP_G_SEM_NB_COLORADO_OTHER SERVICES,BP,G,SEM,NB OTHER SERVICES,NB,OTHER SERVICES,COLORADO,OTHER SERVICES,
BP_G_SEM_NB_COLORADO_WHEEL ALIGNMENT,BP,G,SEM,NB WHEEL ALIGNMENT,NB,WHEEL ALIGNMENT,COLORADO,WHEEL ALIGNMENT,
BP_G_SEM_NB_MIDWEST_BRAKES,BP,G,SEM,NB BRAKES,NB,BRAKES,MIDWEST,BRAKES,
BP_G_SEM_NB_MIDWEST_OIL CHANGE,BP,G,SEM,NB OIL CHANGE,NB,OIL CHANGE,MIDWEST,OIL CHANGE,
BP_G_SEM_NB_MIDWEST_OTHER SERVICES,BP,G,SEM,NB OTHER SERVICES,NB,OTHER SERVICES,MIDWEST,OTHER SERVICES,
BP_G_SEM_NB_MIDWEST_WHEEL ALIGNMENT,BP,G,SEM,NB WHEEL ALIGNMENT,NB,WHEEL ALIGNMENT,MIDWEST,WHEEL ALIGNMENT,
BP_G_SEM_NB_TEXAS_BRAKES,BP,G,SEM,NB BRAKES,NB,BRAKES,TEXAS,BRAKES,
BP_G_SEM_NB_TEXAS_OIL CHANGE,BP,G,SEM,NB OIL CHANGE,NB,OIL CHANGE,TEXAS,OIL CHANGE,
BP_G_SEM_NB_TEXAS_OTHER SERVICES,BP,G,SEM,NB OTHER SERVICES,NB,OTHER SERVICES,TEXAS,OTHER SERVICES,
BP_G_SEM_NB_TEXAS_WHEEL ALIGNMENT,BP,G,SEM,NB WHEEL ALIGNMENT,NB,WHEEL ALIGNMENT,TEXAS,WHEEL ALIGNMENT,
BP_G_SEM_NS 157_MIDWEST,BP,G,SEM,Pilot,Pilot,Pilot,MIDWEST,,
BP_G_SEM_NS 360_TEXAS,BP,G,SEM,Pilot,Pilot,Pilot,TEXAS,,
BP_G_SEM_NS 362_TEXAS,BP,G,SEM,Pilot,Pilot,Pilot,TEXAS,,
BP_G_SEM_NS 501_OKLAHOMA,BP,G,SEM,Pilot,Pilot,Pilot,OKLAHOMA,,
BP_G_SEM_NS 502_OKLAHOMA,BP,G,SEM,Pilot,Pilot,Pilot,OKLAHOMA,,
EOC_G_PMX_Alabama,EOC,G,PMX,PMX,PMX,PMX,Alabama,,
EOC_G_PMX_Central Eastern,EOC,G,PMX,PMX,PMX,PMX,Central Eastern,,
EOC_G_PMX_Southeastern,EOC,G,PMX,PMX,PMX,PMX,Southeastern,,
EOC_G_PMX_Southern,EOC,G,PMX,PMX,PMX,PMX,Southern,,
EOC_G_SEM_BR_ALABAMA_Brand Only,EOC,G,SEM,BR,BR,BR,ALABAMA,Brand Only,
EOC_G_SEM_BR_ALABAMA_Brand+,EOC,G,SEM,BR,BR,BR,ALABAMA,Brand+,
EOC_G_SEM_BR_ALABAMA_Brand+Brakes,EOC,G,SEM,BR,BR,BR,ALABAMA,Brand+Brakes,
EOC_G_SEM_BR_ALABAMA_Brand+Oil Change,EOC,G,SEM,BR,BR,BR,ALABAMA,Brand+Oil Change,
EOC_G_SEM_BR_ALABAMA_Brand+Service,EOC,G,SEM,BR,BR,BR,ALABAMA,Brand+Service,
EOC_G_SEM_BR_CENTRAL EASTERN_Brand Only,EOC,G,SEM,BR,BR,BR,CENTRAL EASTERN,Brand Only,
EOC_G_SEM_BR_CENTRAL EASTERN_Brand+,EOC,G,SEM,BR,BR,BR,CENTRAL EASTERN,Brand+,
EOC_G_SEM_BR_CENTRAL EASTERN_Brand+Brakes,EOC,G,SEM,BR,BR,BR,CENTRAL EASTERN,Brand+Brakes,
EOC_G_SEM_BR_CENTRAL EASTERN_Brand+Oil Change,EOC,G,SEM,BR,BR,BR,CENTRAL EASTERN,Brand+Oil Change,
EOC_G_SEM_BR_CENTRAL EASTERN_Brand+Service,EOC,G,SEM,BR,BR,BR,CENTRAL EASTERN,Brand+Service,
EOC_G_SEM_BR_SOUTHEASTERN_Brand Only,EOC,G,SEM,BR,BR,BR,SOUTHEASTERN,Brand Only,
EOC_G_SEM_BR_SOUTHEASTERN_Brand+,EOC,G,SEM,BR,BR,BR,SOUTHEASTERN,Brand+,
EOC_G_SEM_BR_SOUTHEASTERN_Brand+Brakes,EOC,G,SEM,BR,BR,BR,SOUTHEASTERN,Brand+Brakes,
EOC_G_SEM_BR_SOUTHEASTERN_Brand+Oil Change,EOC,G,SEM,BR,BR,BR,SOUTHEASTERN,Brand+Oil Change,
EOC_G_SEM_BR_SOUTHEASTERN_Brand+Service,EOC,G,SEM,BR,BR,BR,SOUTHEASTERN,Brand+Service,
EOC_G_SEM_BR_SOUTHERN_Brand Only,EOC,G,SEM,BR,BR,BR,SOUTHERN,Brand Only,
EOC_G_SEM_BR_SOUTHERN_Brand+,EOC,G,SEM,BR,BR,BR,SOUTHERN,Brand+,
EOC_G_SEM_BR_SOUTHERN_Brand+Brakes,EOC,G,SEM,BR,BR,BR,SOUTHERN,Brand+Brakes,
EOC_G_SEM_BR_SOUTHERN_Brand+Oil Change,EOC,G,SEM,BR,BR,BR,SOUTHERN,Brand+Oil Change,
EOC_G_SEM_BR_SOUTHERN_Brand+Service,EOC,G,SEM,BR,BR,BR,SOUTHERN,Brand+Service,
EOC_G_SEM_CP_ALABAMA_Competitors,EOC,G,SEM,CP,CP,CP,ALABAMA,Competitors,
EOC_G_SEM_CP_ALABAMA_JIFFY LUBE,EOC,G,SEM,CP,CP,CP,ALABAMA,JIFFY LUBE,
EOC_G_SEM_CP_ALABAMA_TAKE 5,EOC,G,SEM,CP,CP,CP,ALABAMA,TAKE 5,
EOC_G_SEM_CP_ALABAMA_VALVOLINE,EOC,G,SEM,CP,CP,CP,ALABAMA,VALVOLINE,
EOC_G_SEM_CP_CENTRAL EASTERN_Competitors,EOC,G,SEM,CP,CP,CP,CENTRAL EASTERN,Competitors,
EOC_G_SEM_CP_CENTRAL EASTERN_DISCOUNT TIRE,EOC,G,SEM,CP,CP,CP,CENTRAL EASTERN,DISCOUNT TIRE,
EOC_G_SEM_CP_CENTRAL EASTERN_FIRESTONE,EOC,G,SEM,CP,CP,CP,CENTRAL EASTERN,FIRESTONE,
EOC_G_SEM_CP_CENTRAL EASTERN_GOODYEAR,EOC,G,SEM,CP,CP,CP,CENTRAL EASTERN,GOODYEAR,
EOC_G_SEM_CP_CENTRAL EASTERN_JIFFY LUBE,EOC,G,SEM,CP,CP,CP,CENTRAL EASTERN,JIFFY LUBE,
EOC_G_SEM_CP_CENTRAL EASTERN_TAKE 5,EOC,G,SEM,CP,CP,CP,CENTRAL EASTERN,TAKE 5,
EOC_G_SEM_CP_CENTRAL EASTERN_VALVOLINE,EOC,G,SEM,CP,CP,CP,CENTRAL EASTERN,VALVOLINE,
EOC_G_SEM_CP_SOUTHEASTERN_Competitors,EOC,G,SEM,CP,CP,CP,SOUTHEASTERN,Competitors,
EOC_G_SEM_CP_SOUTHEASTERN_DISCOUNT TIRE,EOC,G,SEM,CP,CP,CP,SOUTHEASTERN,DISCOUNT TIRE,
EOC_G_SEM_CP_SOUTHEASTERN_FIRESTONE,EOC,G,SEM,CP,CP,CP,SOUTHEASTERN,FIRESTONE,
EOC_G_SEM_CP_SOUTHEASTERN_GOODYEAR,EOC,G,SEM,CP,CP,CP,SOUTHEASTERN,GOODYEAR,
EOC_G_SEM_CP_SOUTHEASTERN_JIFFY LUBE,EOC,G,SEM,CP,CP,CP,SOUTHEASTERN,JIFFY LUBE,
EOC_G_SEM_CP_SOUTHEASTERN_TAKE 5,EOC,G,SEM,CP,CP,CP,SOUTHEASTERN,TAKE 5,
EOC_G_SEM_CP_SOUTHEASTERN_VALVOLINE,EOC,G,SEM,CP,CP,CP,SOUTHEASTERN,VALVOLINE,
EOC_G_SEM_CP_SOUTHERN_Competitors,EOC,G,SEM,CP,CP,CP,SOUTHERN,Competitors,
EOC_G_SEM_CP_SOUTHERN_DISCOUNT TIRE,EOC,G,SEM,CP,CP,CP,SOUTHERN,DISCOUNT TIRE,
EOC_G_SEM_CP_SOUTHERN_FIRESTONE,EOC,G,SEM,CP,CP,CP,SOUTHERN,FIRESTONE,
EOC_G_SEM_CP_SOUTHERN_GOODYEAR,EOC,G,SEM,CP,CP,CP,SOUTHERN,GOODYEAR,
EOC_G_SEM_CP_SOUTHERN_JIFFY LUBE,EOC,G,SEM,CP,CP,CP,SOUTHERN,JIFFY LUBE,
EOC_G_SEM_CP_SOUTHERN_TAKE 5,EOC,G,SEM,CP,CP,CP,SOUTHERN,TAKE 5,
EOC_G_SEM_CP_SOUTHERN_VALVOLINE,EOC,G,SEM,CP,CP,CP,SOUTHERN,VALVOLINE,
EOC_G_SEM_NB AI_CENTRAL EASTERN - GC_AI,EOC,G,SEM,NB AI,NB AI,NB AI,CENTRAL EASTERN - GC,AI,
EOC_G_SEM_NB_ALABAMA_Brakes,EOC,G,SEM,NB BRAKES,NB,BRAKES,ALABAMA,Brakes,
EOC_G_SEM_NB_ALABAMA_Oil Change,EOC,G,SEM,NB OIL CHANGE,NB,OIL CHANGE,ALABAMA,Oil Change,
EOC_G_SEM_NB_ALABAMA_Service,EOC,G,SEM,NB SERVICE,NB,SERVICE,ALABAMA,Service,
EOC_G_SEM_NB_ALABAMA_Tire Service,EOC,G,SEM,NB TIRE SERVICE,NB,TIRE SERVICE,ALABAMA,Tire Service,
EOC_G_SEM_NB_CENTRAL EASTERN_Brakes,EOC,G,SEM,NB BRAKES,NB,BRAKES,CENTRAL EASTERN,Brakes,
EOC_G_SEM_NB_CENTRAL EASTERN_Oil Change,EOC,G,SEM,NB OIL CHANGE,NB,OIL CHANGE,CENTRAL EASTERN,Oil Change,
EOC_G_SEM_NB_CENTRAL EASTERN_Service,EOC,G,SEM,NB SERVICE,NB,SERVICE,CENTRAL EASTERN,Service,
EOC_G_SEM_NB_CENTRAL EASTERN_Tire Service,EOC,G,SEM,NB TIRE SERVICE,NB,TIRE SERVICE,CENTRAL EASTERN,Tire Service,
EOC_G_SEM_NB_SOUTHEASTERN_Brakes,EOC,G,SEM,NB BRAKES,NB,BRAKES,SOUTHEASTERN,Brakes,
EOC_G_SEM_NB_SOUTHEASTERN_Oil Change,EOC,G,SEM,NB OIL CHANGE,NB,OIL CHANGE,SOUTHEASTERN,Oil Change,
EOC_G_SEM_NB_SOUTHEASTERN_Service,EOC,G,SEM,NB SERVICE,NB,SERVICE,SOUTHEASTERN,Service,
EOC_G_SEM_NB_SOUTHEASTERN_Tire Service,EOC,G,SEM,NB TIRE SERVICE,NB,TIRE SERVICE,SOUTHEASTERN,Tire Service,
EOC_G_SEM_NB_SOUTHERN_Brakes,EOC,G,SEM,NB BRAKES,NB,BRAKES,SOUTHERN,Brakes,
EOC_G_SEM_NB_SOUTHERN_Oil Change,EOC,G,SEM,NB OIL CHANGE,NB,OIL CHANGE,SOUTHERN,Oil Change,
EOC_G_SEM_NB_SOUTHERN_Service,EOC,G,SEM,NB SERVICE,NB,SERVICE,SOUTHERN,Service,
EOC_G_SEM_NB_SOUTHERN_Tire Service,EOC,G,SEM,NB TIRE SERVICE,NB,TIRE SERVICE,SOUTHERN,Tire Service,
EOC_G_SEM_NS 3160_CENTRAL EASTERN,EOC,G,SEM,Pilot,Pilot,Pilot,CENTRAL EASTERN,,
EOC_G_SEM_NS 3183_SOUTHERN,EOC,G,SEM,Pilot,Pilot,Pilot,SOUTHERN,,
EOC_G_SEM_NS 3193_CENTRAL EASTERN,EOC,G,SEM,Pilot,Pilot,Pilot,CENTRAL EASTERN,,
EOC_G_SEM_NS 3231_CENTRAL EASTERN,EOC,G,SEM,Pilot,Pilot,Pilot,CENTRAL EASTERN,,
EOC_G_SEM_NS 3243_CENTRAL EASTERN,EOC,G,SEM,Pilot,Pilot,Pilot,CENTRAL EASTERN,,
EOC_G_SEM_NS 3258_ALABAMA,EOC,G,SEM,Pilot,Pilot,Pilot,ALABAMA,,
AGT_G_SEM_BR_FLORIDA_BRAND ONLY,AGT,G,SEM,BR,BR,BR,FLORIDA,BRAND ONLY,
AGT_G_SEM_BR_FLORIDA_BRAND+,AGT,G,SEM,BR,BR,BR,FLORIDA,BRAND+,
AGT_G_SEM_BR_FLORIDA_BRAND+SERVICES,AGT,G,SEM,BR,BR,BR,FLORIDA,BRAND+SERVICES,
JWT_G_SEM_BR_PENNSYLVANIA_CAR INSPECTION_EX,JWT,G,SEM,BR,BR,BR,PENNSYLVANIA,CAR INSPECTION,
JWT_G_SEM_BR_PENNSYLVANIA_GENERAL_EX,JWT,G,SEM,BR,BR,BR,PENNSYLVANIA,GENERAL,
JWT_G_SEM_BR_PENNSYLVANIA_GENERAL_PH,JWT,G,SEM,BR,BR,BR,PENNSYLVANIA,GENERAL,
JWT_G_SEM_BR_PENNSYLVANIA_JACK MOBILE_EX,JWT,G,SEM,BR,BR,BR,PENNSYLVANIA,JACK MOBILE,
JWT_G_SEM_BR_PENNSYLVANIA_NEAR ME_EX,JWT,G,SEM,BR,BR,BR,PENNSYLVANIA,NEAR ME,
JWT_G_SEM_BR_PENNSYLVANIA_NEAR ME_PH,JWT,G,SEM,BR,BR,BR,PENNSYLVANIA,NEAR ME,
JWT_G_SEM_BR_PENNSYLVANIA_SERVICES_EX,JWT,G,SEM,BR,BR,BR,PENNSYLVANIA,SERVICES,
JWT_G_SEM_BR_PENNSYLVANIA_SERVICES_PH,JWT,G,SEM,BR,BR,BR,PENNSYLVANIA,SERVICES,
JWT_G_SEM_TM_PENNSYLVANIA_CORE_EX,JWT,G,SEM,BR,BR,BR,PENNSYLVANIA,CORE,
JWT_G_SEM_TM_PENNSYLVANIA_CORE_PH,JWT,G,SEM,BR,BR,BR,PENNSYLVANIA,CORE,
MAVIS_G_PMX_AA_ALABAMA,MAVIS,G,PMX,PMX,PMX,PMX,ALABAMA,,
MAVIS_G_PMX_AA_CAROLINAS,MAVIS,G,PMX,PMX,PMX,PMX,CAROLINAS,,
MAVIS_G_PMX_AA_FLORIDA,MAVIS,G,PMX,PMX,PMX,PMX,FLORIDA,,
MAVIS_G_PMX_AA_GEORGIA,MAVIS,G,PMX,PMX,PMX,PMX,GEORGIA,,
MAVIS_G_PMX_AA_ILLINOIS,MAVIS,G,PMX,PMX,PMX,PMX,ILLINOIS,,
MAVIS_G_PMX_AA_LOUISIANA,MAVIS,G,PMX,PMX,PMX,PMX,LOUISIANA,,
MAVIS_G_PMX_AA_LOUISIANA - NORTHERN,MAVIS,G,PMX,PMX,PMX,PMX,LOUISIANA - NORTHERN,,
MAVIS_G_PMX_AA_MASSACHUSETTS,MAVIS,G,PMX,PMX,PMX,PMX,MASSACHUSETTS,,
MAVIS_G_PMX_AA_MISSISSIPPI,MAVIS,G,PMX,PMX,PMX,PMX,MISSISSIPPI,,
MAVIS_G_PMX_AA_NEW JERSEY,MAVIS,G,PMX,PMX,PMX,PMX,NEW JERSEY,,
MAVIS_G_PMX_AA_NEW YORK - CENTRAL,MAVIS,G,PMX,PMX,PMX,PMX,NEW YORK - CENTRAL,,
MAVIS_G_PMX_AA_NEW YORK - EX WESTCHESTER,MAVIS,G,PMX,PMX,PMX,PMX,NEW YORK - EX WESTCHESTER,,
MAVIS_G_PMX_AA_NEW YORK - LONG ISLAND,MAVIS,G,PMX,PMX,PMX,PMX,NEW YORK - LONG ISLAND,,
MAVIS_G_PMX_AA_NEW YORK - WESTCHESTER,MAVIS,G,PMX,PMX,PMX,PMX,NEW YORK - WESTCHESTER,,
MAVIS_G_PMX_AA_NEW YORK - WESTERN,MAVIS,G,PMX,PMX,PMX,PMX,NEW YORK - WESTERN,,
MAVIS_G_PMX_AA_PENNSYLVANIA,MAVIS,G,PMX,PMX,PMX,PMX,PENNSYLVANIA,,
MAVIS_G_PMX_AA_TEXAS,MAVIS,G,PMX,PMX,PMX,PMX,TEXAS,,
MAVIS_G_SEM_BR_CAROLINAS_BRAND ONLY,MAVIS,G,SEM,BR,BR,BR,CAROLINAS,BRAND ONLY,
MAVIS_G_SEM_BR_CAROLINAS_BRAND+,MAVIS,G,SEM,BR,BR,BR,CAROLINAS,BRAND+,
MAVIS_G_SEM_BR_CAROLINAS_BRAND+SERVICES,MAVIS,G,SEM,BR,BR,BR,CAROLINAS,BRAND+SERVICES,
MAVIS_G_SEM_BR_CAROLINAS_BRAND+TIRES,MAVIS,G,SEM,BR,BR,BR,CAROLINAS,BRAND+TIRES,
MAVIS_G_SEM_BR_FLORIDA_BRAND ONLY,MAVIS,G,SEM,BR,BR,BR,FLORIDA,BRAND ONLY,
MAVIS_G_SEM_BR_FLORIDA_BRAND+,MAVIS,G,SEM,BR,BR,BR,FLORIDA,BRAND+,
MAVIS_G_SEM_BR_FLORIDA_BRAND+SERVICES,MAVIS,G,SEM,BR,BR,BR,FLORIDA,BRAND+SERVICES,
MAVIS_G_SEM_BR_FLORIDA_BRAND+TIRES,MAVIS,G,SEM,BR,BR,BR,FLORIDA,BRAND+TIRES,
MAVIS_G_SEM_BR_GEORGIA_BRAND ONLY,MAVIS,G,SEM,BR,BR,BR,GEORGIA,BRAND ONLY,
MAVIS_G_SEM_BR_GEORGIA_BRAND+,MAVIS,G,SEM,BR,BR,BR,GEORGIA,BRAND+,
MAVIS_G_SEM_BR_GEORGIA_BRAND+SERVICES,MAVIS,G,SEM,BR,BR,BR,GEORGIA,BRAND+SERVICES,
MAVIS_G_SEM_BR_GEORGIA_BRAND+TIRES,MAVIS,G,SEM,BR,BR,BR,GEORGIA,BRAND+TIRES,
MAVIS_G_SEM_BR_GULF STATES_BRAND ONLY,MAVIS,G,SEM,BR,BR,BR,GULF STATES,BRAND ONLY,
MAVIS_G_SEM_BR_GULF STATES_BRAND+,MAVIS,G,SEM,BR,BR,BR,GULF STATES,BRAND+,
MAVIS_G_SEM_BR_GULF STATES_BRAND+SERVICES,MAVIS,G,SEM,BR,BR,BR,GULF STATES,BRAND+SERVICES,
MAVIS_G_SEM_BR_GULF STATES_BRAND+TIRES,MAVIS,G,SEM,BR,BR,BR,GULF STATES,BRAND+TIRES,
MAVIS_G_SEM_BR_ILLINOIS_BRAND ONLY,MAVIS,G,SEM,BR,BR,BR,ILLINOIS,BRAND ONLY,
MAVIS_G_SEM_BR_ILLINOIS_BRAND+,MAVIS,G,SEM,BR,BR,BR,ILLINOIS,BRAND+,
MAVIS_G_SEM_BR_ILLINOIS_BRAND+SERVICES,MAVIS,G,SEM,BR,BR,BR,ILLINOIS,BRAND+SERVICES,
MAVIS_G_SEM_BR_ILLINOIS_BRAND+TIRES,MAVIS,G,SEM,BR,BR,BR,ILLINOIS,BRAND+TIRES,
MAVIS_G_SEM_BR_MASSACHUSETTS_BRAND ONLY,MAVIS,G,SEM,BR,BR,BR,MASSACHUSETTS,BRAND ONLY,
MAVIS_G_SEM_BR_MASSACHUSETTS_BRAND+,MAVIS,G,SEM,BR,BR,BR,MASSACHUSETTS,BRAND+,
MAVIS_G_SEM_BR_MASSACHUSETTS_BRAND+SERVICES,MAVIS,G,SEM,BR,BR,BR,MASSACHUSETTS,BRAND+SERVICES,
MAVIS_G_SEM_BR_MASSACHUSETTS_BRAND+TIRES,MAVIS,G,SEM,BR,BR,BR,MASSACHUSETTS,BRAND+TIRES,
MAVIS_G_SEM_BR_NEW JERSEY_BRAND ONLY,MAVIS,G,SEM,BR,BR,BR,NEW JERSEY,BRAND ONLY,
MAVIS_G_SEM_BR_NEW JERSEY_BRAND+,MAVIS,G,SEM,BR,BR,BR,NEW JERSEY,BRAND+,
MAVIS_G_SEM_BR_NEW JERSEY_BRAND+SERVICES,MAVIS,G,SEM,BR,BR,BR,NEW JERSEY,BRAND+SERVICES,
MAVIS_G_SEM_BR_NEW JERSEY_BRAND+TIRES,MAVIS,G,SEM,BR,BR,BR,NEW JERSEY,BRAND+TIRES,
MAVIS_G_SEM_BR_NEW YORK - HUDSON VALLEY_BRAND ONLY,MAVIS,G,SEM,BR,BR,BR,NEW YORK - HUDSON VALLEY,BRAND ONLY,
MAVIS_G_SEM_BR_NEW YORK - HUDSON VALLEY_BRAND+,MAVIS,G,SEM,BR,BR,BR,NEW YORK - HUDSON VALLEY,BRAND+,
MAVIS_G_SEM_BR_NEW YORK - HUDSON VALLEY_BRAND+SERVICES,MAVIS,G,SEM,BR,BR,BR,NEW YORK - HUDSON VALLEY,BRAND+SERVICES,
MAVIS_G_SEM_BR_NEW YORK - HUDSON VALLEY_BRAND+TIRES,MAVIS,G,SEM,BR,BR,BR,NEW YORK - HUDSON VALLEY,BRAND+TIRES,
MAVIS_G_SEM_BR_NEW YORK - LONG ISLAND_BRAND ONLY,MAVIS,G,SEM,BR,BR,BR,NEW YORK - LONG ISLAND,BRAND ONLY,
MAVIS_G_SEM_BR_NEW YORK - LONG ISLAND_BRAND+,MAVIS,G,SEM,BR,BR,BR,NEW YORK - LONG ISLAND,BRAND+,
MAVIS_G_SEM_BR_NEW YORK - LONG ISLAND_BRAND+SERVICES,MAVIS,G,SEM,BR,BR,BR,NEW YORK - LONG ISLAND,BRAND+SERVICES,
MAVIS_G_SEM_BR_NEW YORK - LONG ISLAND_BRAND+TIRES,MAVIS,G,SEM,BR,BR,BR,NEW YORK - LONG ISLAND,BRAND+TIRES,
MAVIS_G_SEM_BR_NEW YORK - NYC BOROUGHS_BRAND ONLY,MAVIS,G,SEM,BR,BR,BR,NEW YORK - NYC BOROUGHS,BRAND ONLY,
MAVIS_G_SEM_BR_NEW YORK - NYC BOROUGHS_BRAND+,MAVIS,G,SEM,BR,BR,BR,NEW YORK - NYC BOROUGHS,BRAND+,
MAVIS_G_SEM_BR_NEW YORK - NYC BOROUGHS_BRAND+SERVICES,MAVIS,G,SEM,BR,BR,BR,NEW YORK - NYC BOROUGHS,BRAND+SERVICES,
MAVIS_G_SEM_BR_NEW YORK - NYC BOROUGHS_BRAND+TIRES,MAVIS,G,SEM,BR,BR,BR,NEW YORK - NYC BOROUGHS,BRAND+TIRES,
MAVIS_G_SEM_BR_NEW YORK - WEST CENTRAL_BRAND ONLY,MAVIS,G,SEM,BR,BR,BR,NEW YORK - WEST CENTRAL,BRAND ONLY,
MAVIS_G_SEM_BR_NEW YORK - WEST CENTRAL_BRAND+,MAVIS,G,SEM,BR,BR,BR,NEW YORK - WEST CENTRAL,BRAND+,
MAVIS_G_SEM_BR_NEW YORK - WEST CENTRAL_BRAND+SERVICES,MAVIS,G,SEM,BR,BR,BR,NEW YORK - WEST CENTRAL,BRAND+SERVICES,
MAVIS_G_SEM_BR_NEW YORK - WEST CENTRAL_BRAND+TIRES,MAVIS,G,SEM,BR,BR,BR,NEW YORK - WEST CENTRAL,BRAND+TIRES,
MAVIS_G_SEM_BR_PENNSYLVANIA_BRAND ONLY,MAVIS,G,SEM,BR,BR,BR,PENNSYLVANIA,BRAND ONLY,
MAVIS_G_SEM_BR_PENNSYLVANIA_BRAND+,MAVIS,G,SEM,BR,BR,BR,PENNSYLVANIA,BRAND+,
MAVIS_G_SEM_BR_PENNSYLVANIA_BRAND+SERVICES,MAVIS,G,SEM,BR,BR,BR,PENNSYLVANIA,BRAND+SERVICES,
MAVIS_G_SEM_BR_PENNSYLVANIA_BRAND+TIRES,MAVIS,G,SEM,BR,BR,BR,PENNSYLVANIA,BRAND+TIRES,
MAVIS_G_SEM_CP_CAROLINAS_COMPETITORS,MAVIS,G,SEM,CP,CP,CP,CAROLINAS,COMPETITORS,
MAVIS_G_SEM_CP_CAROLINAS_DISCOUNT TIRE,MAVIS,G,SEM,CP,CP,CP,CAROLINAS,DISCOUNT TIRE,
MAVIS_G_SEM_CP_CAROLINAS_FIRESTONE,MAVIS,G,SEM,CP,CP,CP,CAROLINAS,FIRESTONE,
MAVIS_G_SEM_CP_CAROLINAS_GOODYEAR,MAVIS,G,SEM,CP,CP,CP,CAROLINAS,GOODYEAR,
MAVIS_G_SEM_CP_FLORIDA_COMPETITORS,MAVIS,G,SEM,CP,CP,CP,FLORIDA,COMPETITORS,
MAVIS_G_SEM_CP_FLORIDA_DISCOUNT TIRE,MAVIS,G,SEM,CP,CP,CP,FLORIDA,DISCOUNT TIRE,
MAVIS_G_SEM_CP_FLORIDA_FIRESTONE,MAVIS,G,SEM,CP,CP,CP,FLORIDA,FIRESTONE,
MAVIS_G_SEM_CP_FLORIDA_GOODYEAR,MAVIS,G,SEM,CP,CP,CP,FLORIDA,GOODYEAR,
MAVIS_G_SEM_CP_GEORGIA_COMPETITORS,MAVIS,G,SEM,CP,CP,CP,GEORGIA,COMPETITORS,
MAVIS_G_SEM_CP_GEORGIA_DISCOUNT TIRE,MAVIS,G,SEM,CP,CP,CP,GEORGIA,DISCOUNT TIRE,
MAVIS_G_SEM_CP_GEORGIA_FIRESTONE,MAVIS,G,SEM,CP,CP,CP,GEORGIA,FIRESTONE,
MAVIS_G_SEM_CP_GEORGIA_GOODYEAR,MAVIS,G,SEM,CP,CP,CP,GEORGIA,GOODYEAR,
MAVIS_G_SEM_CP_GULF STATES_COMPETITORS,MAVIS,G,SEM,CP,CP,CP,GULF STATES,COMPETITORS,
MAVIS_G_SEM_CP_GULF STATES_DISCOUNT TIRE,MAVIS,G,SEM,CP,CP,CP,GULF STATES,DISCOUNT TIRE,
MAVIS_G_SEM_CP_GULF STATES_FIRESTONE,MAVIS,G,SEM,CP,CP,CP,GULF STATES,FIRESTONE,
MAVIS_G_SEM_CP_GULF STATES_GOODYEAR,MAVIS,G,SEM,CP,CP,CP,GULF STATES,GOODYEAR,
MAVIS_G_SEM_CP_ILLINOIS_COMPETITORS,MAVIS,G,SEM,CP,CP,CP,ILLINOIS,COMPETITORS,
MAVIS_G_SEM_CP_ILLINOIS_DISCOUNT TIRE,MAVIS,G,SEM,CP,CP,CP,ILLINOIS,DISCOUNT TIRE,
MAVIS_G_SEM_CP_ILLINOIS_FIRESTONE,MAVIS,G,SEM,CP,CP,CP,ILLINOIS,FIRESTONE,
MAVIS_G_SEM_CP_ILLINOIS_GOODYEAR,MAVIS,G,SEM,CP,CP,CP,ILLINOIS,GOODYEAR,
MAVIS_G_SEM_CP_MASSACHUSETTS_COMPETITORS,MAVIS,G,SEM,CP,CP,CP,MASSACHUSETTS,COMPETITORS,
MAVIS_G_SEM_CP_MASSACHUSETTS_DISCOUNT TIRE,MAVIS,G,SEM,CP,CP,CP,MASSACHUSETTS,DISCOUNT TIRE,
MAVIS_G_SEM_CP_MASSACHUSETTS_FIRESTONE,MAVIS,G,SEM,CP,CP,CP,MASSACHUSETTS,FIRESTONE,
MAVIS_G_SEM_CP_MASSACHUSETTS_GOODYEAR,MAVIS,G,SEM,CP,CP,CP,MASSACHUSETTS,GOODYEAR,
MAVIS_G_SEM_CP_NEW JERSEY_COMPETITORS,MAVIS,G,SEM,CP,CP,CP,NEW JERSEY,COMPETITORS,
MAVIS_G_SEM_CP_NEW JERSEY_DISCOUNT TIRE,MAVIS,G,SEM,CP,CP,CP,NEW JERSEY,DISCOUNT TIRE,
MAVIS_G_SEM_CP_NEW JERSEY_FIRESTONE,MAVIS,G,SEM,CP,CP,CP,NEW JERSEY,FIRESTONE,
MAVIS_G_SEM_CP_NEW JERSEY_GOODYEAR,MAVIS,G,SEM,CP,CP,CP,NEW JERSEY,GOODYEAR,
MAVIS_G_SEM_CP_NEW YORK - HUDSON VALLEY_COMPETITORS,MAVIS,G,SEM,CP,CP,CP,NEW YORK - HUDSON VALLEY,COMPETITORS,
MAVIS_G_SEM_CP_NEW YORK - HUDSON VALLEY_DISCOUNT TIRE,MAVIS,G,SEM,CP,CP,CP,NEW YORK - HUDSON VALLEY,DISCOUNT TIRE,
MAVIS_G_SEM_CP_NEW YORK - HUDSON VALLEY_FIRESTONE,MAVIS,G,SEM,CP,CP,CP,NEW YORK - HUDSON VALLEY,FIRESTONE,
MAVIS_G_SEM_CP_NEW YORK - HUDSON VALLEY_GOODYEAR,MAVIS,G,SEM,CP,CP,CP,NEW YORK - HUDSON VALLEY,GOODYEAR,
MAVIS_G_SEM_CP_NEW YORK - LONG ISLAND_COMPETITORS,MAVIS,G,SEM,CP,CP,CP,NEW YORK - LONG ISLAND,COMPETITORS,
MAVIS_G_SEM_CP_NEW YORK - LONG ISLAND_DISCOUNT TIRE,MAVIS,G,SEM,CP,CP,CP,NEW YORK - LONG ISLAND,DISCOUNT TIRE,
MAVIS_G_SEM_CP_NEW YORK - LONG ISLAND_FIRESTONE,MAVIS,G,SEM,CP,CP,CP,NEW YORK - LONG ISLAND,FIRESTONE,
MAVIS_G_SEM_CP_NEW YORK - LONG ISLAND_GOODYEAR,MAVIS,G,SEM,CP,CP,CP,NEW YORK - LONG ISLAND,GOODYEAR,
MAVIS_G_SEM_CP_NEW YORK - NYC BOROUGHS_COMPETITORS,MAVIS,G,SEM,CP,CP,CP,NEW YORK - NYC BOROUGHS,COMPETITORS,
MAVIS_G_SEM_CP_NEW YORK - NYC BOROUGHS_DISCOUNT TIRE,MAVIS,G,SEM,CP,CP,CP,NEW YORK - NYC BOROUGHS,DISCOUNT TIRE,
MAVIS_G_SEM_CP_NEW YORK - NYC BOROUGHS_FIRESTONE,MAVIS,G,SEM,CP,CP,CP,NEW YORK - NYC BOROUGHS,FIRESTONE,
MAVIS_G_SEM_CP_NEW YORK - NYC BOROUGHS_GOODYEAR,MAVIS,G,SEM,CP,CP,CP,NEW YORK - NYC BOROUGHS,GOODYEAR,
MAVIS_G_SEM_CP_NEW YORK - WEST CENTRAL_COMPETITORS,MAVIS,G,SEM,CP,CP,CP,NEW YORK - WEST CENTRAL,COMPETITORS,
MAVIS_G_SEM_CP_NEW YORK - WEST CENTRAL_DISCOUNT TIRE,MAVIS,G,SEM,CP,CP,CP,NEW YORK - WEST CENTRAL,DISCOUNT TIRE,
MAVIS_G_SEM_CP_NEW YORK - WEST CENTRAL_FIRESTONE,MAVIS,G,SEM,CP,CP,CP,NEW YORK - WEST CENTRAL,FIRESTONE,
MAVIS_G_SEM_CP_NEW YORK - WEST CENTRAL_GOODYEAR,MAVIS,G,SEM,CP,CP,CP,NEW YORK - WEST CENTRAL,GOODYEAR,
MAVIS_G_SEM_CP_PENNSYLVANIA_COMPETITORS,MAVIS,G,SEM,CP,CP,CP,PENNSYLVANIA,COMPETITORS,
MAVIS_G_SEM_CP_PENNSYLVANIA_DISCOUNT TIRE,MAVIS,G,SEM,CP,CP,CP,PENNSYLVANIA,DISCOUNT TIRE,
MAVIS_G_SEM_CP_PENNSYLVANIA_FIRESTONE,MAVIS,G,SEM,CP,CP,CP,PENNSYLVANIA,FIRESTONE,
MAVIS_G_SEM_CP_PENNSYLVANIA_GOODYEAR,MAVIS,G,SEM,CP,CP,CP,PENNSYLVANIA,GOODYEAR,
MAVIS_G_SEM_NB OIL CHANGE_FLORIDA_OIL CHANGE,MAVIS,G,SEM,NB OIL CHANGE,NB OIL CHANGE,OIL CHANGE,FLORIDA,OIL CHANGE,
MAVIS_G_SEM_NB OIL CHANGE_ILLINOIS_OIL CHANGE,MAVIS,G,SEM,NB OIL CHANGE,NB OIL CHANGE,OIL CHANGE,ILLINOIS,OIL CHANGE,
MAVIS_G_SEM_NB OIL CHANGE_MASSACHUSETTS_OIL CHANGE,MAVIS,G,SEM,NB OIL CHANGE,NB OIL CHANGE,OIL CHANGE,MASSACHUSETTS,OIL CHANGE,
MAVIS_G_SEM_NB OIL CHANGE_NEW JERSEY_OIL CHANGE,MAVIS,G,SEM,NB OIL CHANGE,NB OIL CHANGE,OIL CHANGE,NEW JERSEY,OIL CHANGE,
MAVIS_G_SEM_NB OIL CHANGE_NEW YORK - HUDSON VALLEY_OIL CHANGE,MAVIS,G,SEM,NB OIL CHANGE,NB OIL CHANGE,OIL CHANGE,NEW YORK - HUDSON VALLEY,OIL CHANGE,
MAVIS_G_SEM_NB OIL CHANGE_NEW YORK - LONG ISLAND_OIL CHANGE,MAVIS,G,SEM,NB OIL CHANGE,NB OIL CHANGE,OIL CHANGE,NEW YORK - LONG ISLAND,OIL CHANGE,
MAVIS_G_SEM_NB OIL CHANGE_NEW YORK - NYC BOROUGHS_OIL CHANGE,MAVIS,G,SEM,NB OIL CHANGE,NB OIL CHANGE,OIL CHANGE,NEW YORK - NYC BOROUGHS,OIL CHANGE,
MAVIS_G_SEM_NB OIL CHANGE_NEW YORK - WEST CENTRAL_OIL CHANGE,MAVIS,G,SEM,NB OIL CHANGE,NB OIL CHANGE,OIL CHANGE,NEW YORK - WEST CENTRAL,OIL CHANGE,
MAVIS_G_SEM_NB OIL CHANGE_PENNSYLVANIA_OIL CHANGE,MAVIS,G,SEM,NB OIL CHANGE,NB OIL CHANGE,OIL CHANGE,PENNSYLVANIA,OIL CHANGE,
MAVIS_G_SEM_NB SERVICE_CAROLINAS_AUTO SERVICE,MAVIS,G,SEM,NB AUTO SERVICE,NB SERVICE,AUTO SERVICE,CAROLINAS,AUTO SERVICE,
MAVIS_G_SEM_NB SERVICE_CAROLINAS_BRAKES,MAVIS,G,SEM,NB BRAKES,NB SERVICE,BRAKES,CAROLINAS,BRAKES,
MAVIS_G_SEM_NB SERVICE_CAROLINAS_TIRE SERVICE,MAVIS,G,SEM,NB TIRE SERVICE,NB SERVICE,TIRE SERVICE,CAROLINAS,TIRE SERVICE,
MAVIS_G_SEM_NB SERVICE_FLORIDA_AUTO SERVICE,MAVIS,G,SEM,NB AUTO SERVICE,NB SERVICE,AUTO SERVICE,FLORIDA,AUTO SERVICE,
MAVIS_G_SEM_NB SERVICE_FLORIDA_BRAKES,MAVIS,G,SEM,NB BRAKES,NB SERVICE,BRAKES,FLORIDA,BRAKES,
MAVIS_G_SEM_NB SERVICE_FLORIDA_TIRE SERVICE,MAVIS,G,SEM,NB TIRE SERVICE,NB SERVICE,TIRE SERVICE,FLORIDA,TIRE SERVICE,
MAVIS_G_SEM_NB SERVICE_GEORGIA_AUTO SERVICE,MAVIS,G,SEM,NB AUTO SERVICE,NB SERVICE,AUTO SERVICE,GEORGIA,AUTO SERVICE,
MAVIS_G_SEM_NB SERVICE_GEORGIA_BRAKES,MAVIS,G,SEM,NB BRAKES,NB SERVICE,BRAKES,GEORGIA,BRAKES,
MAVIS_G_SEM_NB SERVICE_GEORGIA_TIRE SERVICE,MAVIS,G,SEM,NB TIRE SERVICE,NB SERVICE,TIRE SERVICE,GEORGIA,TIRE SERVICE,
MAVIS_G_SEM_NB SERVICE_GULF STATES_AUTO SERVICE,MAVIS,G,SEM,NB AUTO SERVICE,NB SERVICE,AUTO SERVICE,GULF STATES,AUTO SERVICE,
MAVIS_G_SEM_NB SERVICE_GULF STATES_BRAKES,MAVIS,G,SEM,NB BRAKES,NB SERVICE,BRAKES,GULF STATES,BRAKES,
MAVIS_G_SEM_NB SERVICE_GULF STATES_TIRE SERVICE,MAVIS,G,SEM,NB TIRE SERVICE,NB SERVICE,TIRE SERVICE,GULF STATES,TIRE SERVICE,
MAVIS_G_SEM_NB SERVICE_ILLINOIS_AUTO SERVICE,MAVIS,G,SEM,NB AUTO SERVICE,NB SERVICE,AUTO SERVICE,ILLINOIS,AUTO SERVICE,
MAVIS_G_SEM_NB SERVICE_ILLINOIS_BRAKES,MAVIS,G,SEM,NB BRAKES,NB SERVICE,BRAKES,ILLINOIS,BRAKES,
MAVIS_G_SEM_NB SERVICE_ILLINOIS_TIRE SERVICE,MAVIS,G,SEM,NB TIRE SERVICE,NB SERVICE,TIRE SERVICE,ILLINOIS,TIRE SERVICE,
MAVIS_G_SEM_NB SERVICE_MASSACHUSETTS_AUTO SERVICE,MAVIS,G,SEM,NB AUTO SERVICE,NB SERVICE,AUTO SERVICE,MASSACHUSETTS,AUTO SERVICE,
MAVIS_G_SEM_NB SERVICE_MASSACHUSETTS_BRAKES,MAVIS,G,SEM,NB BRAKES,NB SERVICE,BRAKES,MASSACHUSETTS,BRAKES,
MAVIS_G_SEM_NB SERVICE_MASSACHUSETTS_TIRE SERVICE,MAVIS,G,SEM,NB TIRE SERVICE,NB SERVICE,TIRE SERVICE,MASSACHUSETTS,TIRE SERVICE,
MAVIS_G_SEM_NB SERVICE_NEW JERSEY_AUTO SERVICE,MAVIS,G,SEM,NB AUTO SERVICE,NB SERVICE,AUTO SERVICE,NEW JERSEY,AUTO SERVICE,
MAVIS_G_SEM_NB SERVICE_NEW JERSEY_BRAKES,MAVIS,G,SEM,NB BRAKES,NB SERVICE,BRAKES,NEW JERSEY,BRAKES,
MAVIS_G_SEM_NB SERVICE_NEW JERSEY_TIRE SERVICE,MAVIS,G,SEM,NB TIRE SERVICE,NB SERVICE,TIRE SERVICE,NEW JERSEY,TIRE SERVICE,
MAVIS_G_SEM_NB SERVICE_NEW YORK - HUDSON VALLEY_AUTO SERVICE,MAVIS,G,SEM,NB AUTO SERVICE,NB SERVICE,AUTO SERVICE,NEW YORK - HUDSON VALLEY,AUTO SERVICE,
MAVIS_G_SEM_NB SERVICE_NEW YORK - HUDSON VALLEY_BRAKES,MAVIS,G,SEM,NB BRAKES,NB SERVICE,BRAKES,NEW YORK - HUDSON VALLEY,BRAKES,
MAVIS_G_SEM_NB SERVICE_NEW YORK - HUDSON VALLEY_TIRE SERVICE,MAVIS,G,SEM,NB TIRE SERVICE,NB SERVICE,TIRE SERVICE,NEW YORK - HUDSON VALLEY,TIRE SERVICE,
MAVIS_G_SEM_NB SERVICE_NEW YORK - LONG ISLAND_AUTO SERVICE,MAVIS,G,SEM,NB AUTO SERVICE,NB SERVICE,AUTO SERVICE,NEW YORK - LONG ISLAND,AUTO SERVICE,
MAVIS_G_SEM_NB SERVICE_NEW YORK - LONG ISLAND_BRAKES,MAVIS,G,SEM,NB BRAKES,NB SERVICE,BRAKES,NEW YORK - LONG ISLAND,BRAKES,
MAVIS_G_SEM_NB SERVICE_NEW YORK - LONG ISLAND_TIRE SERVICE,MAVIS,G,SEM,NB TIRE SERVICE,NB SERVICE,TIRE SERVICE,NEW YORK - LONG ISLAND,TIRE SERVICE,
MAVIS_G_SEM_NB SERVICE_NEW YORK - NYC BOROUGHS_AUTO SERVICE,MAVIS,G,SEM,NB AUTO SERVICE,NB SERVICE,AUTO SERVICE,NEW YORK - NYC BOROUGHS,AUTO SERVICE,
MAVIS_G_SEM_NB SERVICE_NEW YORK - NYC BOROUGHS_BRAKES,MAVIS,G,SEM,NB BRAKES,NB SERVICE,BRAKES,NEW YORK - NYC BOROUGHS,BRAKES,
MAVIS_G_SEM_NB SERVICE_NEW YORK - NYC BOROUGHS_TIRE SERVICE,MAVIS,G,SEM,NB TIRE SERVICE,NB SERVICE,TIRE SERVICE,NEW YORK - NYC BOROUGHS,TIRE SERVICE,
MAVIS_G_SEM_NB SERVICE_NEW YORK - WEST CENTRAL_AUTO SERVICE,MAVIS,G,SEM,NB AUTO SERVICE,NB SERVICE,AUTO SERVICE,NEW YORK - WEST CENTRAL,AUTO SERVICE,
MAVIS_G_SEM_NB SERVICE_NEW YORK - WEST CENTRAL_BRAKES,MAVIS,G,SEM,NB BRAKES,NB SERVICE,BRAKES,NEW YORK - WEST CENTRAL,BRAKES,
MAVIS_G_SEM_NB SERVICE_NEW YORK - WEST CENTRAL_TIRE SERVICE,MAVIS,G,SEM,NB TIRE SERVICE,NB SERVICE,TIRE SERVICE,NEW YORK - WEST CENTRAL,TIRE SERVICE,
MAVIS_G_SEM_NB SERVICE_PENNSYLVANIA_AUTO SERVICE,MAVIS,G,SEM,NB AUTO SERVICE,NB SERVICE,AUTO SERVICE,PENNSYLVANIA,AUTO SERVICE,
MAVIS_G_SEM_NB SERVICE_PENNSYLVANIA_BRAKES,MAVIS,G,SEM,NB BRAKES,NB SERVICE,BRAKES,PENNSYLVANIA,BRAKES,
MAVIS_G_SEM_NB SERVICE_PENNSYLVANIA_TIRE SERVICE,MAVIS,G,SEM,NB TIRE SERVICE,NB SERVICE,TIRE SERVICE,PENNSYLVANIA,TIRE SERVICE,
MAVIS_G_SEM_NB STATE INSPECTION_NEW YORK - HUDSON VALLEY_STATE INSPECTION,MAVIS,G,SEM,NB STATE INSPECTION,NB STATE INSPECTION,STATE INSPECTION,NEW YORK - HUDSON VALLEY,STATE INSPECTION,
MAVIS_G_SEM_NB STATE INSPECTION_NEW YORK - LONG ISLAND_STATE INSPECTION,MAVIS,G,SEM,NB STATE INSPECTION,NB STATE INSPECTION,STATE INSPECTION,NEW YORK - LONG ISLAND,STATE INSPECTION,
MAVIS_G_SEM_NB STATE INSPECTION_NEW YORK - NYC BOROUGHS_STATE INSPECTION,MAVIS,G,SEM,NB STATE INSPECTION,NB STATE INSPECTION,STATE INSPECTION,NEW YORK - NYC BOROUGHS,STATE INSPECTION,
MAVIS_G_SEM_NB STATE INSPECTION_NEW YORK - WEST CENTRAL_STATE INSPECTION,MAVIS,G,SEM,NB STATE INSPECTION,NB STATE INSPECTION,STATE INSPECTION,NEW YORK - WEST CENTRAL,STATE INSPECTION,
MAVIS_G_SEM_NB STATE INSPECTION_PENNSYLVANIA_STATE INSPECTION,MAVIS,G,SEM,NB STATE INSPECTION,NB STATE INSPECTION,STATE INSPECTION,PENNSYLVANIA,STATE INSPECTION,
MAVIS_G_SEM_NB TIRES_CAROLINAS_TIRES,MAVIS,G,SEM,NB TIRES,NB TIRES,NB TIRES,CAROLINAS,TIRES,
MAVIS_G_SEM_NB TIRES_FLORIDA_TIRES,MAVIS,G,SEM,NB TIRES,NB TIRES,NB TIRES,FLORIDA,TIRES,
MAVIS_G_SEM_NB TIRES_GEORGIA_TIRES,MAVIS,G,SEM,NB TIRES,NB TIRES,NB TIRES,GEORGIA,TIRES,
MAVIS_G_SEM_NB TIRES_GULF STATES_TIRES,MAVIS,G,SEM,NB TIRES,NB TIRES,NB TIRES,GULF STATES,TIRES,
MAVIS_G_SEM_NB TIRES_ILLINOIS_TIRES,MAVIS,G,SEM,NB TIRES,NB TIRES,NB TIRES,ILLINOIS,TIRES,
MAVIS_G_SEM_NB TIRES_MASSACHUSETTS_TIRES,MAVIS,G,SEM,NB TIRES,NB TIRES,NB TIRES,MASSACHUSETTS,TIRES,
MAVIS_G_SEM_NB TIRES_NEW JERSEY_TIRES,MAVIS,G,SEM,NB TIRES,NB TIRES,NB TIRES,NEW JERSEY,TIRES,
MAVIS_G_SEM_NB TIRES_NEW YORK - HUDSON VALLEY_TIRES,MAVIS,G,SEM,NB TIRES,NB TIRES,NB TIRES,NEW YORK - HUDSON VALLEY,TIRES,
MAVIS_G_SEM_NB TIRES_NEW YORK - LONG ISLAND_TIRES,MAVIS,G,SEM,NB TIRES,NB TIRES,NB TIRES,NEW YORK - LONG ISLAND,TIRES,
MAVIS_G_SEM_NB TIRES_NEW YORK - NYC BOROUGHS_TIRES,MAVIS,G,SEM,NB TIRES,NB TIRES,NB TIRES,NEW YORK - NYC BOROUGHS,TIRES,
MAVIS_G_SEM_NB TIRES_NEW YORK - WEST CENTRAL_TIRES,MAVIS,G,SEM,NB TIRES,NB TIRES,NB TIRES,NEW YORK - WEST CENTRAL,TIRES,
MAVIS_G_SEM_NB TIRES_PENNSYLVANIA_TIRES,MAVIS,G,SEM,NB TIRES,NB TIRES,NB TIRES,PENNSYLVANIA,TIRES,
MAVIS_G_SEM_NS 2175_CAROLINAS,MAVIS,G,SEM,Pilot,Pilot,Pilot,CAROLINAS,,
MAVIS_G_SEM_NS 2209_CAROLINAS,MAVIS,G,SEM,Pilot,Pilot,Pilot,CAROLINAS,,
MAVIS_G_SEM_NS 2243_CAROLINAS,MAVIS,G,SEM,Pilot,Pilot,Pilot,CAROLINAS,,
MAVIS_G_SEM_NS 2249_GULF STATES,MAVIS,G,SEM,Pilot,Pilot,Pilot,GULF STATES,,
MAVIS_G_SEM_NS 2252_GULF STATES,MAVIS,G,SEM,Pilot,Pilot,Pilot,GULF STATES,,
MELVIN_G_SEM_BR_RHODE ISLAND_BRAND ONLY,MELVIN,G,SEM,BR,BR,BR,RHODE ISLAND,BRAND ONLY,
MELVIN_G_SEM_BR_RHODE ISLAND_BRAND+,MELVIN,G,SEM,BR,BR,BR,RHODE ISLAND,BRAND+,
TUF_G_SEM_BR_NATIONAL_BRAND ONLY,TUF,G,SEM,BR,BR,BR,NATIONAL,BRAND ONLY,
TUF_G_SEM_BR_NATIONAL_BRAND+,TUF,G,SEM,BR,BR,BR,NATIONAL,BRAND+,
TUF_G_SEM_BR_NATIONAL_BRAND+SERVICES,TUF,G,SEM,BR,BR,BR,NATIONAL,BR SERVICE,
TUF_G_SEM_CP_NATIONAL_COMPETITORS,TUF,G,SEM,CP,CP,CP,NATIONAL,COMPETITORS,
TUF_G_SEM_CP_NATIONAL_DISCOUNT TIRE,TUF,G,SEM,CP,CP,CP,NATIONAL,DISCOUNT TIRE,
TUF_G_SEM_CP_NATIONAL_FIRESTONE,TUF,G,SEM,CP,CP,CP,NATIONAL,FIRESTONE,
TUF_G_SEM_CP_NATIONAL_GOODYEAR,TUF,G,SEM,CP,CP,CP,NATIONAL,GOODYEAR,
TUF_G_SEM_NB SERVICE_NATIONAL_BRAKES,TUF,G,SEM,NB BRAKES,NB SERVICE,BRAKES,NATIONAL,BRAKES,
TUF_G_SEM_NB SERVICE_NATIONAL_OTHER SERVICE,TUF,G,SEM,NB OTHER SERVICES,NB SERVICE,OTHER SERVICE,NATIONAL,OTHER SERVICE,
TUF_G_SEM_NB SERVICE_NATIONAL_TIRE SERVICE,TUF,G,SEM,NB TIRE SERVICE,NB SERVICE,TIRE SERVICE,NATIONAL,TIRE SERVICE,
TUF_G_SEM_NB TIRES_NATIONAL_TIRES,TUF,G,SEM,NB TIRES,NB TIRES,NB TIRES,NATIONAL,TIRES,
NTB_G_PMX_CAROLINAS,NTB,G,PMX,PMX,PMX,PMX,CAROLINAS,,
NTB_G_PMX_MIDWEST,NTB,G,PMX,PMX,PMX,PMX,MIDWEST,,
NTB_G_PMX_NORTHEAST,NTB,G,PMX,PMX,PMX,PMX,NORTHEAST,,
NTB_G_PMX_SOUTHEAST,NTB,G,PMX,PMX,PMX,PMX,SOUTHEAST,,
NTB_G_PMX_TEXAS,NTB,G,PMX,PMX,PMX,PMX,TEXAS,,
NTB_G_PMX_VIRGINIAS,NTB,G,PMX,PMX,PMX,PMX,VIRGINIAS,,
NTB_G_SEM_BR_CAROLINAS_BRAND ONLY,NTB,G,SEM,BR,BR,BR,CAROLINAS,BRAND ONLY,
NTB_G_SEM_BR_CAROLINAS_BRAND+,NTB,G,SEM,BR,BR,BR,CAROLINAS,BRAND+,
NTB_G_SEM_BR_CAROLINAS_BRAND+SERVICES,NTB,G,SEM,BR,BR,BR,CAROLINAS,BRAND+SERVICES,
NTB_G_SEM_BR_CAROLINAS_BRAND+TIRES,NTB,G,SEM,BR,BR,BR,CAROLINAS,BRAND+TIRES,
NTB_G_SEM_BR_MIDWEST_BRAND ONLY,NTB,G,SEM,BR,BR,BR,MIDWEST,BRAND ONLY,
NTB_G_SEM_BR_MIDWEST_BRAND+,NTB,G,SEM,BR,BR,BR,MIDWEST,BRAND+,
NTB_G_SEM_BR_MIDWEST_BRAND+SERVICES,NTB,G,SEM,BR,BR,BR,MIDWEST,BRAND+SERVICES,
NTB_G_SEM_BR_MIDWEST_BRAND+TIRES,NTB,G,SEM,BR,BR,BR,MIDWEST,BRAND+TIRES,
NTB_G_SEM_BR_NORTHEAST_BRAND ONLY,NTB,G,SEM,BR,BR,BR,NORTHEAST,BRAND ONLY,
NTB_G_SEM_BR_NORTHEAST_BRAND+,NTB,G,SEM,BR,BR,BR,NORTHEAST,BRAND+,
NTB_G_SEM_BR_NORTHEAST_BRAND+SERVICES,NTB,G,SEM,BR,BR,BR,NORTHEAST,BRAND+SERVICES,
NTB_G_SEM_BR_NORTHEAST_BRAND+TIRES,NTB,G,SEM,BR,BR,BR,NORTHEAST,BRAND+TIRES,
NTB_G_SEM_BR_SOUTHEAST_BRAND ONLY,NTB,G,SEM,BR,BR,BR,SOUTHEAST,BRAND ONLY,
NTB_G_SEM_BR_SOUTHEAST_BRAND+,NTB,G,SEM,BR,BR,BR,SOUTHEAST,BRAND+,
NTB_G_SEM_BR_SOUTHEAST_BRAND+SERVICES,NTB,G,SEM,BR,BR,BR,SOUTHEAST,BRAND+SERVICES,
NTB_G_SEM_BR_SOUTHEAST_BRAND+TIRES,NTB,G,SEM,BR,BR,BR,SOUTHEAST,BRAND+TIRES,
NTB_G_SEM_BR_TEXAS_BRAND ONLY,NTB,G,SEM,BR,BR,BR,TEXAS,BRAND ONLY,
NTB_G_SEM_BR_TEXAS_BRAND+,NTB,G,SEM,BR,BR,BR,TEXAS,BRAND+,
NTB_G_SEM_BR_TEXAS_BRAND+SERVICES,NTB,G,SEM,BR,BR,BR,TEXAS,BRAND+SERVICES,
NTB_G_SEM_BR_TEXAS_BRAND+TIRES,NTB,G,SEM,BR,BR,BR,TEXAS,BRAND+TIRES,
NTB_G_SEM_BR_VIRGINIAS_BRAND ONLY,NTB,G,SEM,BR,BR,BR,VIRGINIAS,BRAND ONLY,
NTB_G_SEM_BR_VIRGINIAS_BRAND+,NTB,G,SEM,BR,BR,BR,VIRGINIAS,BRAND+,
NTB_G_SEM_BR_VIRGINIAS_BRAND+SERVICES,NTB,G,SEM,BR,BR,BR,VIRGINIAS,BRAND+SERVICES,
NTB_G_SEM_BR_VIRGINIAS_BRAND+TIRES,NTB,G,SEM,BR,BR,BR,VIRGINIAS,BRAND+TIRES,
NTB_G_SEM_CP_CAROLINAS_COMPETITORS,NTB,G,SEM,CP,CP,CP,CAROLINAS,COMPETITORS,
NTB_G_SEM_CP_CAROLINAS_DISCOUNT TIRE,NTB,G,SEM,CP,CP,CP,CAROLINAS,DISCOUNT TIRE,
NTB_G_SEM_CP_CAROLINAS_FIRESTONE,NTB,G,SEM,CP,CP,CP,CAROLINAS,FIRESTONE,
NTB_G_SEM_CP_CAROLINAS_GOODYEAR,NTB,G,SEM,CP,CP,CP,CAROLINAS,GOODYEAR,
NTB_G_SEM_CP_MIDWEST_COMPETITORS,NTB,G,SEM,CP,CP,CP,MIDWEST,COMPETITORS,
NTB_G_SEM_CP_MIDWEST_DISCOUNT TIRE,NTB,G,SEM,CP,CP,CP,MIDWEST,DISCOUNT TIRE,
NTB_G_SEM_CP_MIDWEST_FIRESTONE,NTB,G,SEM,CP,CP,CP,MIDWEST,FIRESTONE,
NTB_G_SEM_CP_MIDWEST_GOODYEAR,NTB,G,SEM,CP,CP,CP,MIDWEST,GOODYEAR,
NTB_G_SEM_CP_NORTHEAST_COMPETITORS,NTB,G,SEM,CP,CP,CP,NORTHEAST,COMPETITORS,
NTB_G_SEM_CP_NORTHEAST_DISCOUNT TIRE,NTB,G,SEM,CP,CP,CP,NORTHEAST,DISCOUNT TIRE,
NTB_G_SEM_CP_NORTHEAST_FIRESTONE,NTB,G,SEM,CP,CP,CP,NORTHEAST,FIRESTONE,
NTB_G_SEM_CP_NORTHEAST_GOODYEAR,NTB,G,SEM,CP,CP,CP,NORTHEAST,GOODYEAR,
NTB_G_SEM_CP_SOUTHEAST_COMPETITORS,NTB,G,SEM,CP,CP,CP,SOUTHEAST,COMPETITORS,
NTB_G_SEM_CP_SOUTHEAST_DISCOUNT TIRE,NTB,G,SEM,CP,CP,CP,SOUTHEAST,DISCOUNT TIRE,
NTB_G_SEM_CP_SOUTHEAST_FIRESTONE,NTB,G,SEM,CP,CP,CP,SOUTHEAST,FIRESTONE,
NTB_G_SEM_CP_SOUTHEAST_GOODYEAR,NTB,G,SEM,CP,CP,CP,SOUTHEAST,GOODYEAR,
NTB_G_SEM_CP_TEXAS_COMPETITORS,NTB,G,SEM,CP,CP,CP,TEXAS,COMPETITORS,
NTB_G_SEM_CP_TEXAS_DISCOUNT TIRE,NTB,G,SEM,CP,CP,CP,TEXAS,DISCOUNT TIRE,
NTB_G_SEM_CP_TEXAS_FIRESTONE,NTB,G,SEM,CP,CP,CP,TEXAS,FIRESTONE,
NTB_G_SEM_CP_TEXAS_GOODYEAR,NTB,G,SEM,CP,CP,CP,TEXAS,GOODYEAR,
NTB_G_SEM_CP_VIRGINIAS_COMPETITORS,NTB,G,SEM,CP,CP,CP,VIRGINIAS,COMPETITORS,
NTB_G_SEM_CP_VIRGINIAS_DISCOUNT TIRE,NTB,G,SEM,CP,CP,CP,VIRGINIAS,DISCOUNT TIRE,
NTB_G_SEM_CP_VIRGINIAS_FIRESTONE,NTB,G,SEM,CP,CP,CP,VIRGINIAS,FIRESTONE,
NTB_G_SEM_CP_VIRGINIAS_GOODYEAR,NTB,G,SEM,CP,CP,CP,VIRGINIAS,GOODYEAR,
NTB_G_SEM_NB OIL CHANGE_CAROLINAS_OIL CHANGE,NTB,G,SEM,NB OIL CHANGE,NB OIL CHANGE,OIL CHANGE,CAROLINAS,OIL CHANGE,
NTB_G_SEM_NB OIL CHANGE_MIDWEST_OIL CHANGE,NTB,G,SEM,NB OIL CHANGE,NB OIL CHANGE,OIL CHANGE,MIDWEST,OIL CHANGE,
NTB_G_SEM_NB OIL CHANGE_NORTHEAST_OIL CHANGE,NTB,G,SEM,NB OIL CHANGE,NB OIL CHANGE,OIL CHANGE,NORTHEAST,OIL CHANGE,
NTB_G_SEM_NB OIL CHANGE_SOUTHEAST_OIL CHANGE,NTB,G,SEM,NB OIL CHANGE,NB OIL CHANGE,OIL CHANGE,SOUTHEAST,OIL CHANGE,
NTB_G_SEM_NB OIL CHANGE_TEXAS_OIL CHANGE,NTB,G,SEM,NB OIL CHANGE,NB OIL CHANGE,OIL CHANGE,TEXAS,OIL CHANGE,
NTB_G_SEM_NB OIL CHANGE_VIRGINIAS_OIL CHANGE,NTB,G,SEM,NB OIL CHANGE,NB OIL CHANGE,OIL CHANGE,VIRGINIAS,OIL CHANGE,
NTB_G_SEM_NB SERVICE_CAROLINAS_AUTO SERVICE,NTB,G,SEM,NB AUTO SERVICE,NB SERVICE,AUTO SERVICE,CAROLINAS,AUTO SERVICE,
NTB_G_SEM_NB SERVICE_CAROLINAS_BRAKES,NTB,G,SEM,NB BRAKES,NB SERVICE,BRAKES,CAROLINAS,BRAKES,
NTB_G_SEM_NB SERVICE_CAROLINAS_TIRE SERVICE,NTB,G,SEM,NB TIRE SERVICE,NB SERVICE,TIRE SERVICE,CAROLINAS,TIRE SERVICE,
NTB_G_SEM_NB SERVICE_MIDWEST_AUTO SERVICE,NTB,G,SEM,NB AUTO SERVICE,NB SERVICE,AUTO SERVICE,MIDWEST,AUTO SERVICE,
NTB_G_SEM_NB SERVICE_MIDWEST_BRAKES,NTB,G,SEM,NB BRAKES,NB SERVICE,BRAKES,MIDWEST,BRAKES,
NTB_G_SEM_NB SERVICE_MIDWEST_TIRE SERVICE,NTB,G,SEM,NB TIRE SERVICE,NB SERVICE,TIRE SERVICE,MIDWEST,TIRE SERVICE,
NTB_G_SEM_NB SERVICE_NORTHEAST_AUTO SERVICE,NTB,G,SEM,NB AUTO SERVICE,NB SERVICE,AUTO SERVICE,NORTHEAST,AUTO SERVICE,
NTB_G_SEM_NB SERVICE_NORTHEAST_BRAKES,NTB,G,SEM,NB BRAKES,NB SERVICE,BRAKES,NORTHEAST,BRAKES,
NTB_G_SEM_NB SERVICE_NORTHEAST_TIRE SERVICE,NTB,G,SEM,NB TIRE SERVICE,NB SERVICE,TIRE SERVICE,NORTHEAST,TIRE SERVICE,
NTB_G_SEM_NB SERVICE_SOUTHEAST_AUTO SERVICE,NTB,G,SEM,NB AUTO SERVICE,NB SERVICE,AUTO SERVICE,SOUTHEAST,AUTO SERVICE,
NTB_G_SEM_NB SERVICE_SOUTHEAST_BRAKES,NTB,G,SEM,NB BRAKES,NB SERVICE,BRAKES,SOUTHEAST,BRAKES,
NTB_G_SEM_NB SERVICE_SOUTHEAST_TIRE SERVICE,NTB,G,SEM,NB TIRE SERVICE,NB SERVICE,TIRE SERVICE,SOUTHEAST,TIRE SERVICE,
NTB_G_SEM_NB SERVICE_TEXAS_AUTO SERVICE,NTB,G,SEM,NB AUTO SERVICE,NB SERVICE,AUTO SERVICE,TEXAS,AUTO SERVICE,
NTB_G_SEM_NB SERVICE_TEXAS_BRAKES,NTB,G,SEM,NB BRAKES,NB SERVICE,BRAKES,TEXAS,BRAKES,
NTB_G_SEM_NB SERVICE_TEXAS_TIRE SERVICE,NTB,G,SEM,NB TIRE SERVICE,NB SERVICE,TIRE SERVICE,TEXAS,TIRE SERVICE,
NTB_G_SEM_NB SERVICE_VIRGINIAS_AUTO SERVICE,NTB,G,SEM,NB AUTO SERVICE,NB SERVICE,AUTO SERVICE,VIRGINIAS,AUTO SERVICE,
NTB_G_SEM_NB SERVICE_VIRGINIAS_BRAKES,NTB,G,SEM,NB BRAKES,NB SERVICE,BRAKES,VIRGINIAS,BRAKES,
NTB_G_SEM_NB SERVICE_VIRGINIAS_TIRE SERVICE,NTB,G,SEM,NB TIRE SERVICE,NB SERVICE,TIRE SERVICE,VIRGINIAS,TIRE SERVICE,
NTB_G_SEM_NB TIRES_CAROLINAS_TIRES,NTB,G,SEM,NB TIRES,NB TIRES,NB TIRES,CAROLINAS,TIRES,
NTB_G_SEM_NB TIRES_MIDWEST_TIRES,NTB,G,SEM,NB TIRES,NB TIRES,NB TIRES,MIDWEST,TIRES,
NTB_G_SEM_NB TIRES_NORTHEAST_TIRES,NTB,G,SEM,NB TIRES,NB TIRES,NB TIRES,NORTHEAST,TIRES,
NTB_G_SEM_NB TIRES_SOUTHEAST_TIRES,NTB,G,SEM,NB TIRES,NB TIRES,NB TIRES,SOUTHEAST,TIRES,
NTB_G_SEM_NB TIRES_TEXAS_TIRES,NTB,G,SEM,NB TIRES,NB TIRES,NB TIRES,TEXAS,TIRES,
NTB_G_SEM_NB TIRES_VIRGINIAS_TIRES,NTB,G,SEM,NB TIRES,NB TIRES,NB TIRES,VIRGINIAS,TIRES,
TK_G_PMX_FLORIDA,TK,G,PMX,PMX,PMX,PMX,FLORIDA,,
TK_G_SEM_BR_FLORIDA_BRAND ONLY,TK,G,SEM,BR,BR,BR,FLORIDA,BRAND ONLY,
TK_G_SEM_BR_FLORIDA_BRAND+,TK,G,SEM,BR,BR,BR,FLORIDA,BRAND+,
TK_G_SEM_BR_FLORIDA_BRAND+SERVICES,TK,G,SEM,BR,BR,BR,FLORIDA,BRAND+SERVICES,
TK_G_SEM_BR_FLORIDA_BRAND+TIRES,TK,G,SEM,BR,BR,BR,FLORIDA,BRAND+TIRES,
TK_G_SEM_CP_FLORIDA_COMPETITORS,TK,G,SEM,CP,CP,CP,FLORIDA,COMPETITORS,
TK_G_SEM_CP_FLORIDA_DISCOUNT TIRE,TK,G,SEM,CP,CP,CP,FLORIDA,DISCOUNT TIRE,
TK_G_SEM_CP_FLORIDA_FIRESTONE,TK,G,SEM,CP,CP,CP,FLORIDA,FIRESTONE,
TK_G_SEM_CP_FLORIDA_GOODYEAR,TK,G,SEM,CP,CP,CP,FLORIDA,GOODYEAR,
TK_G_SEM_NB OIL CHANGE_FLORIDA_OIL CHANGE,TK,G,SEM,NB OIL CHANGE,NB OIL CHANGE,OIL CHANGE,FLORIDA,OIL CHANGE,
TK_G_SEM_NB SERVICE_FLORIDA_AUTO SERVICE,TK,G,SEM,NB AUTO SERVICE,NB SERVICE,AUTO SERVICE,FLORIDA,AUTO SERVICE,
TK_G_SEM_NB SERVICE_FLORIDA_BRAKES,TK,G,SEM,NB BRAKES,NB SERVICE,BRAKES,FLORIDA,BRAKES,
TK_G_SEM_NB SERVICE_FLORIDA_TIRE SERVICE,TK,G,SEM,NB TIRE SERVICE,NB SERVICE,TIRE SERVICE,FLORIDA,TIRE SERVICE,
TK_G_SEM_NB TIRES_FLORIDA_TIRES,TK,G,SEM,NB TIRES,NB TIRES,NB TIRES,FLORIDA,TIRES,
BP_G_PMX_MIDWEST,BP,G,PMX,PMX,,,MIDWEST,,
BP_G_SEM_NS 5079_ARIZONA,BP,G,SEM,NS,NS 5079,,ARIZONA,,
BP_G_SEM_NS 5082_ARIZONA,BP,G,SEM,NS,NS 5082,,ARIZONA,,
EOC_G_SEM_NS 3196_SOUTHERN,EOC,G,SEM,NS,NS 3196,,SOUTHERN,,
EOC_G_SEM_NS 3246_SOUTHERN,EOC,G,SEM,NS,NS 3246,,SOUTHERN,,
EOC_G_SEM_NS 3259_SOUTHERN,EOC,G,SEM,NS,NS 3259,,SOUTHERN,,
ADT_G_SEM_BR_NEW YORK_BRAND ONLY,ADT,G,SEM,BR,BR,,NEW YORK,BRAND ONLY,
ADT_G_SEM_BR_NEW YORK_BRAND+,ADT,G,SEM,BR,BR,,NEW YORK,BRAND+,
ADT_G_SEM_CP_NEW YORK_COMPETITORS,ADT,G,SEM,CP,CP,,NEW YORK,COMPETITORS,
ADT_G_SEM_CP_NEW YORK_DISCOUNT TIRE,ADT,G,SEM,CP,CP,,NEW YORK,DISCOUNT TIRE,
ADT_G_SEM_CP_NEW YORK_FIRESTONE,ADT,G,SEM,CP,CP,,NEW YORK,FIRESTONE,
ADT_G_SEM_CP_NEW YORK_GOODYEAR,ADT,G,SEM,CP,CP,,NEW YORK,GOODYEAR,
ADT_G_SEM_NB TIRES_NEW YORK_TIRES,ADT,G,SEM,NB TIRES,NB TIRES,,NEW YORK,TIRES,
AGT_G_SEM_BR_FLORIDA_BRAND+TIRES,AGT,G,SEM,BR,BR,,FLORIDA,BRAND+TIRES,
AGT_G_SEM_NB SERVICE_FLORIDA_OTHER SERVICE,AGT,G,SEM,NB SERVICE,NB SERVICE,,FLORIDA,OTHER SERVICE,
JWT_G_SEM_BR_PENNSYLVANIA_FINANCING_EX,JWT,G,SEM,BR,BR,,PENNSYLVANIA,FINANCING,EX
MAVIS_G_SEM_BR_ALABAMA_BRAND ONLY,MAVIS,G,SEM,BR,BR,,ALABAMA,BRAND ONLY,
MAVIS_G_SEM_BR_ALABAMA_BRAND+,MAVIS,G,SEM,BR,BR,,ALABAMA,BRAND+,
MAVIS_G_SEM_BR_ALABAMA_BRAND+SERVICES,MAVIS,G,SEM,BR,BR,,ALABAMA,BRAND+SERVICES,
MAVIS_G_SEM_BR_ALABAMA_BRAND+TIRES,MAVIS,G,SEM,BR,BR,,ALABAMA,BRAND+TIRES,
MAVIS_G_SEM_BR_NORTH CAROLINAS_BRAND ONLY,MAVIS,G,SEM,BR,BR,,NORTH CAROLINA,BRAND ONLY,
MAVIS_G_SEM_BR_NORTH CAROLINAS_BRAND+,MAVIS,G,SEM,BR,BR,,NORTH CAROLINA,BRAND+,
MAVIS_G_SEM_BR_NORTH CAROLINAS_BRAND+SERVICES,MAVIS,G,SEM,BR,BR,,NORTH CAROLINA,BRAND+SERVICES,
MAVIS_G_SEM_BR_NORTH CAROLINAS_BRAND+TIRES,MAVIS,G,SEM,BR,BR,,NORTH CAROLINA,BRAND+TIRES,
MAVIS_G_SEM_BR_SOUTH CAROLINAS_BRAND ONLY,MAVIS,G,SEM,BR,BR,,SOUTH CAROLINA,BRAND ONLY,
MAVIS_G_SEM_BR_SOUTH CAROLINAS_BRAND+,MAVIS,G,SEM,BR,BR,,SOUTH CAROLINA,BRAND+,
MAVIS_G_SEM_BR_SOUTH CAROLINAS_BRAND+SERVICES,MAVIS,G,SEM,BR,BR,,SOUTH CAROLINA,BRAND+SERVICES,
MAVIS_G_SEM_BR_SOUTH CAROLINAS_BRAND+TIRES,MAVIS,G,SEM,BR,BR,,SOUTH CAROLINA,BRAND+TIRES,
MAVIS_G_SEM_CP_ALABAMA_COMPETITORS,MAVIS,G,SEM,CP,CP,,ALABAMA,COMPETITORS,
MAVIS_G_SEM_CP_ALABAMA_DISCOUNT TIRE,MAVIS,G,SEM,CP,CP,,ALABAMA,DISCOUNT TIRE,
MAVIS_G_SEM_CP_ALABAMA_FIRESTONE,MAVIS,G,SEM,CP,CP,,ALABAMA,FIRESTONE,
MAVIS_G_SEM_CP_ALABAMA_GOODYEAR,MAVIS,G,SEM,CP,CP,,ALABAMA,GOODYEAR,
MAVIS_G_SEM_CP_NORTH CAROLINAS_COMPETITORS,MAVIS,G,SEM,CP,CP,,NORTH CAROLINA,COMPETITORS,
MAVIS_G_SEM_CP_NORTH CAROLINAS_DISCOUNT TIRE,MAVIS,G,SEM,CP,CP,,NORTH CAROLINA,DISCOUNT TIRE,
MAVIS_G_SEM_CP_NORTH CAROLINAS_FIRESTONE,MAVIS,G,SEM,CP,CP,,NORTH CAROLINA,FIRESTONE,
MAVIS_G_SEM_CP_NORTH CAROLINAS_GOODYEAR,MAVIS,G,SEM,CP,CP,,NORTH CAROLINA,GOODYEAR,
MAVIS_G_SEM_CP_SOUTH CAROLINAS_COMPETITORS,MAVIS,G,SEM,CP,CP,,SOUTH CAROLINA,COMPETITORS,
MAVIS_G_SEM_CP_SOUTH CAROLINAS_DISCOUNT TIRE,MAVIS,G,SEM,CP,CP,,SOUTH CAROLINA,DISCOUNT TIRE,
MAVIS_G_SEM_CP_SOUTH CAROLINAS_FIRESTONE,MAVIS,G,SEM,CP,CP,,SOUTH CAROLINA,FIRESTONE,
MAVIS_G_SEM_CP_SOUTH CAROLINAS_GOODYEAR,MAVIS,G,SEM,CP,CP,,SOUTH CAROLINA,GOODYEAR,
MAVIS_G_SEM_NB SERVICE_ALABAMA_AUTO SERVICE,MAVIS,G,SEM,NB AUTO SERVICE,NB SERVICE,,ALABAMA,AUTO SERVICE,
MAVIS_G_SEM_NB SERVICE_ALABAMA_BRAKES,MAVIS,G,SEM,NB BRAKES,NB SERVICE,,ALABAMA,BRAKES,
MAVIS_G_SEM_NB SERVICE_ALABAMA_TIRE SERVICE,MAVIS,G,SEM,NB TIRE SERVICE,NB SERVICE,,ALABAMA,TIRE SERVICE,
MAVIS_G_SEM_NB SERVICE_NORTH CAROLINAS_AUTO SERVICE,MAVIS,G,SEM,NB AUTO SERVICE,NB SERVICE,,NORTH CAROLINA,AUTO SERVICE,
MAVIS_G_SEM_NB SERVICE_NORTH CAROLINAS_BRAKES,MAVIS,G,SEM,NB BRAKES,NB SERVICE,,NORTH CAROLINA,BRAKES,
MAVIS_G_SEM_NB SERVICE_NORTH CAROLINAS_TIRE SERVICE,MAVIS,G,SEM,NB TIRE SERVICE,NB SERVICE,,NORTH CAROLINA,TIRE SERVICE,
MAVIS_G_SEM_NB SERVICE_SOUTH CAROLINAS_AUTO SERVICE,MAVIS,G,SEM,NB AUTO SERVICE,NB SERVICE,,SOUTH CAROLINA,AUTO SERVICE,
MAVIS_G_SEM_NB SERVICE_SOUTH CAROLINAS_BRAKES,MAVIS,G,SEM,NB BRAKES,NB SERVICE,,SOUTH CAROLINA,BRAKES,
MAVIS_G_SEM_NB SERVICE_SOUTH CAROLINAS_TIRE SERVICE,MAVIS,G,SEM,NB TIRE SERVICE,NB SERVICE,,SOUTH CAROLINA,TIRE SERVICE,
MAVIS_G_SEM_NB TIRES_ALABAMA_TIRES,MAVIS,G,SEM,NB TIRES,NB TIRES,,ALABAMA,TIRES,
MAVIS_G_SEM_NB TIRES_NORTH CAROLINAS_TIRES,MAVIS,G,SEM,NB TIRES,NB TIRES,,NORTH CAROLINA,TIRES,
MAVIS_G_SEM_NB TIRES_SOUTH CAROLINAS_TIRES,MAVIS,G,SEM,NB TIRES,NB TIRES,,SOUTH CAROLINA,TIRES,
MAVIS_G_SEM_NS 2191_ALABAMA,MAVIS,G,SEM,NS,NS 2191,,ALABAMA,,
MAVIS_G_SEM_NS 2222_NORTH CAROLINAS,MAVIS,G,SEM,NS,NS 2222,,NORTH CAROLINA,,
EOC_G_SEM_NS 3242_ALABAMA,EOC,G,SEM,NS,NS 3242,,ALABAMA,,
EOC_G_SEM_NS 3263_SOUTHERN,EOC,G,SEM,NS,NS 3263,,SOUTHERN,,
EOC_G_SEM_NS 3232_CENTRAL EASTERN,EOC,G,SEM,NS,NS 3232,,CENTRAL EASTERN,,
MAVIS_G_PMX_AA_NORTH CAROLINAS,MAVIS,G,PMX,PMX,PMX,PMX,NORTH CAROLINA,,
MAVIS_G_PMX_AA_SOUTH CAROLINAS,MAVIS,G,PMX,PMX,PMX,PMX,SOUTH CAROLINA,,
MAVIS_G_PMX_AA_FLORIDA_OIL Change,MAVIS,G,PMX,OIL CHANGE,PMX,PMX,FLORIDA,,
MAVIS_G_PMX_AA_GEORGIA_TIRE,MAVIS,G,PMX,TIRE,PMX,PMX,GEORGIA,,
MAVIS_G_PMX_AA_GEORGIA_OIL Change,MAVIS,G,PMX,OIL CHANGE,PMX,PMX,GEORGIA,,
MAVIS_G_PMX_AA_FLORIDA_TIRE,MAVIS,G,PMX,TIRE,PMX,PMX,FLORIDA,,
MAVIS_G_SEM_NB TIRES_ILLINOIS_WINTER TIRES,MAVIS,G,SEM,NB TIRES,NB TIRES,WINTER TIRES,ILLINOIS,TIRES,
MAVIS_G_SEM_NB TIRES_MASSACHUSETTS_WINTER TIRES,MAVIS,G,SEM,NB TIRES,NB TIRES,WINTER TIRES,MASSACHUSETTS,TIRES,
MAVIS_G_SEM_NB TIRES_NEW JERSEY_WINTER TIRES,MAVIS,G,SEM,NB TIRES,NB TIRES,WINTER TIRES,NEW JERSEY,TIRES,
MAVIS_G_SEM_NB TIRES_NEW YORK - HUDSON VALLEY_WINTER TIRES,MAVIS,G,SEM,NB TIRES,NB TIRES,WINTER TIRES,NEW YORK - HUDSON VALLEY,TIRES,
MAVIS_G_SEM_NB TIRES_NEW YORK - LONG ISLAND_WINTER TIRES,MAVIS,G,SEM,NB TIRES,NB TIRES,WINTER TIRES,NEW YORK - LONG ISLAND,TIRES,
MAVIS_G_SEM_NB TIRES_NEW YORK - NYC BOROUGHS_WINTER TIRES,MAVIS,G,SEM,NB TIRES,NB TIRES,WINTER TIRES,NEW YORK - NYC BOROUGHS,TIRES,
MAVIS_G_SEM_NB TIRES_NEW YORK - WEST CENTRAL_WINTER TIRES,MAVIS,G,SEM,NB TIRES,NB TIRES,WINTER TIRES,NEW YORK - WEST CENTRAL,TIRES,
MAVIS_G_SEM_NB TIRES_PENNSYLVANIA_WINTER TIRES,MAVIS,G,SEM,NB TIRES,NB TIRES,WINTER TIRES,PENNSYLVANIA,TIRES,
NTB_G_SEM_NB TIRES_MIDWEST_WINTER TIRES,NTB,G,SEM,NB TIRES,NB TIRES,WINTER TIRES,MIDWEST,TIRES,
NTB_G_SEM_NB TIRES_NORTHEAST_WINTER TIRES,NTB,G,SEM,NB TIRES,NB TIRES,WINTER TIRES,NORTHEAST,TIRES,
NTB_G_SEM_NB TIRES_VIRGINIAS_WINTER TIRES,NTB,G,SEM,NB TIRES,NB TIRES,WINTER TIRES,VIRGINIAS,TIRES,
MAVIS_G_SEM_NS 2264_NORTH CAROLINAS,MAVIS,G,SEM,NS,NS 2264,,NORTH CAROLINA,,
MAVIS_G_SEM_NS 2282_GULF STATES,MAVIS,G,SEM,NS,NS 2282,,GULF STATES,,
BP_G_SEM_NB_COLORADO_BRAKES_T2,BP,G,SEM,NB BRAKES T2,NB,BRAKES,COLORADO,BRAKES_T2,
BP_G_SEM_NB_ARIZONA_BRAKES_T2,BP,G,SEM,NB BRAKES T2,NB,BRAKES,ARIZONA,BRAKES_T2,
BP_G_SEM_NS 5112_TEXAS,,,,,,,,,
BP_G_SEM_NS 5097_COLORADO,,,,,,,,,
EOC_G_SEM_CP_ALABAMA_FIRESTONE,,,,,,,,,
EOC_G_SEM_CP_ALABAMA_DISCOUNT TIRE,,,,,,,,,
EOC_G_SEM_CP_ALABAMA_GOODYEAR,,,,,,,,,
EOC_G_SEM_NS 3241_SOUTHEASTERN,,,,,,,,,
EOC_G_SEM_NS 3239_CENTRAL EASTERN,,,,,,,,,
EOC_G_SEM_NS 3269_SOUTHERN,,,,,,,,,
EOC_G_SEM_NS 3274_CENTRAL EASTERN,,,,,,,,,
EOC_G_SEM_NS 3260_CENTRAL EASTERN,,,,,,,,,
EOC_G_SEM_NS 834_SOUTHEASTERN,,,,,,,,,
MAVIS_G_PMX_AA_NEW YORK - HUDSON VALLEY,,,,,,,,,
MAVIS_G_PMX_AA_GULF STATES,,,,,,,,,
MAVIS_G_PMX_AA_NEW YORK - WEST CENTRAL,,,,,,,,,
MAVIS_G_SEM_NB TIRES_GEORGIA_TIRES_T2,MAVIS,G,SEM,NB TIRES,NB TIRES,NB TIRES,GEORGIA,TIRES_T2,
MAVIS_G_PMX_AA_NEW YORK - NYC BOROUGHS,,,,,,,,,
MAVIS_G_SEM_NS 4449_GULF STATES,,,,,,,,,
MAVIS_G_SEM_NS 4441_GULF STATES,,,,,,,,,
MAVIS_G_SEM_NS 4430_GULF STATES,,,,,,,,,
MAVIS_G_SEM_NS 4457_GULF STATES,,,,,,,,,
MAVIS_G_SEM_NS 4466_GULF STATES,,,,,,,,,
MAVIS_G_SEM_NS 4458_GULF STATES,,,,,,,,,
MAVIS_G_SEM_NS 2276_GULF STATES,,,,,,,,,
MAVIS_G_SEM_NS 2284_GEORGIA,,,,,,,,,
MAVIS_G_SEM_NS 2290_GULF STATES,,,,,,,,,
MAVIS_G_SEM_NS 4456_GULF STATES,,,,,,,,,
MAVIS_G_SEM_NS 4398_SOUTH CAROLINA,,,,,,,,,
MAVIS_G_SEM_NS 2213_FLORIDA,,,,,,,,,
MAVIS_G_SEM_NS 4408_SOUTH CAROLINA,,,,,,,,,
MAVIS_G_SEM_NS 2281_NORTH CAROLINAS,,,,,,,,,
MAVIS_G_SEM_NS 2199_FLORIDA,,,,,,,,,
MAVIS_G_SEM_NS 2283_GEORGIA,,,,,,,,,
JWT_G_SEM_BR_PENNSYLVANIA_TIRE DEALS_EX,,,,,,,,,
MELVIN_G_SEM_BR_RHODE ISLAND_BRAND+TIRES,,,,,,,,,
MAVIS_G_SEM_NB TIRES_TEXAS_TIRES,,,,,,,,,
MAVIS_G_SEM_NB TIRES_TEXAS_TIRES_T2,,,,,,,,,
MAVIS_G_SEM_NB SERVICE_TEXAS_TIRE SERVICE,,,,,,,,,
MAVIS_G_SEM_CP_TEXAS_COMPETITORS,,,,,,,,,
MAVIS_G_SEM_NB OIL CHANGE_TEXAS_OIL CHANGE,,,,,,,,,
MAVIS_G_SEM_CP_TEXAS_DISCOUNT TIRE,,,,,,,,,
MAVIS_G_SEM_NB SERVICE_TEXAS_BRAKES,,,,,,,,,
MAVIS_G_SEM_BR_TEXAS_BRAND ONLY,,,,,,,,,
MAVIS_G_SEM_NB SERVICE_TEXAS_AUTO SERVICE,,,,,,,,,
MAVIS_G_SEM_CP_TEXAS_FIRESTONE,,,,,,,,,
MAVIS_G_SEM_BR_TEXAS_BRAND+,,,,,,,,,
MAVIS_G_SEM_BR_TEXAS_BRAND+SERVICES,,,,,,,,,
MAVIS_G_SEM_CP_TEXAS_GOODYEAR,,,,,,,,,
MAVIS_G_SEM_BR_TEXAS_BRAND+TIRES,,,,,,,,,
