"February 22, 2026 - February 28, 2026",,,Google Ads Performance,,,,,,,,,,,,,,,,,,Business Performance,,,,,,,,,,,
Brand,Region,Category,Impr.,Clicks,Cost,Calls,Resv.,Main Conv.,CPA,tCPA,Imp. Share,IS Lost to Budget,IS Lost to Rank,Conv. Rate,,Opportunity Score - Main Conv.,Opportunity Score - Car Count,Opportunity Score - GP,Opportunity Score - Revenue,,Conv. Rate,Revenue/Car,GP/Car,GP %,Cost/Car,Car Count,,,,,Opportunity Score - GP,
BP,ARIZONA,CP,3185,117,125.92000000000002,34,13,47,2.679148936170213,2.65,0.1689027947181418,0.011131993424192608,0.8310992734793445,0.4017094017094017,,21.580226362854788,35.95836543636669,21.12596106541198,22.05422541866899,,0.1094224924012158,371.34722222222223,299.30555555555554,0.7986095755645086,25.184000000000005,5,,,,,70.58325738791936,Balances Cars better
BP,ARIZONA,NB BRAKES,14427,1331,6429.3,248,74,322,19.966770186335403,16,0.37189699172531127,0.048,0.5801,0.24192336589030805,,27.236811204418025,12.370598155926464,9.41937626094811,32.51907381666402,,0.18064076346284935,503.4433962264151,402.05471698113206,0.7986095755645086,110.85000000000001,58,,,,,21.12596106541198,Prioritizes profit
BP,ARIZONA,NB BRAKES T2,6311,372,1161.33,37,24,61,19.038196721311476,15.37,0.3471970072069098,0,0.6528,0.1639784946236559,,6.024349908462761,6.298850109890171,5.126409185273071,16.85607881336331,,0.18064076346284935,503.4433962264151,402.05471698113206,0.7986095755645086,105.57545454545453,11,,,,,2.3548440652370277,Prioritizes profit
BP,ARIZONA,NB OIL CHANGE,19250,1426,4558.3,195,139,334,13.647604790419162,11,0.3628994250164954,0.0128,0.6244,0.23422159887798036,,42.964696282591106,40.82921817479259,1.2664901788473668,13.154222592343446,,0.22536806342015855,109.67336683417085,80.1105527638191,0.7986095755645086,60.77733333333334,75,,,,,,
BP,ARIZONA,NB OTHER SERVICES,4540,309,369.47,53,24,77,4.7983116883116885,3.75,0.13429965981363703,0.005,0.8606,0.24919093851132687,,103.44153233426759,34.076054138949345,28.10040790912196,53.300864593091156,,0.09610027855153204,438.92753623188406,349.4830917874396,0.7986095755645086,52.78142857142858,7,,,,,,
BP,ARIZONA,NB WHEEL ALIGNMENT,6646,490,1173.03,82,31,113,10.380796460176992,7.8,0.4533115067185049,0,0.5467,0.23061224489795917,,13.127769946838779,25.9544669962187,2.6915409815239095,10.027808233899293,,0.17889908256880735,202.1346153846154,178.3846153846154,0.7986095755645086,58.6515,20,,,,,,
BP,ARIZONA,TOTAL,54359,4045,13817.35,649,305,954,14.483595387840671,-,0.3415346724385999,-,-,0.23584672435105067,,126.99016944107196,21.457159274891602,12.132138322224248,35.759713665201815,,0.2258365551259832,415.9403778040142,332.8459268004722,0.8012097455788093,78.50767045454546,176,,,,,,
BP,COLORADO,CP,11729,237,501.38000000000005,80,9,88,5.697500000000001,4,0.3192607109804562,0.00040350590669062007,0.6803398225270836,0.37130801687763715,,8.233295203201479,4.8611335512061,2.155843493805369,4.292174632371716,,0.12206572769953052,361.625,287.7307692307692,0.7986095755645086,45.580000000000005,11,,,,,,
BP,COLORADO,NB BRAKES,11729,237,501.38000000000005,80,9,88,5.697500000000001,4,0.3192607109804562,0.00040350590669062007,0.6803398225270836,0.37130801687763715,,32.933180812805915,19.4445342048244,8.623373975221476,17.168698529486864,,0.12206572769953052,361.625,287.7307692307692,0.7986095755645086,45.580000000000005,11,,,,,,
BP,COLORADO,NB BRAKES T2,14662,1071,5712.98,162,86,248,23.036209677419354,19.32,0.3555975941016686,0.0051,0.6394,0.2315592903828198,,19.50917916785999,12.977833930382673,14.461371107916186,39.70788124962696,,0.218802275008364,586.7370030581039,475.46941896024464,0.7986095755645086,105.79592592592591,54,,,,,,
BP,COLORADO,NB OIL CHANGE,19207,1119,4983.85,154,115,269,18.52732342007435,15,0.3749975594994045,0.0266,0.5984,0.24039320822162646,,24.19874644625752,37.30168413386963,2.6132992792544547,17.82266845402741,,0.28958333333333336,160.23741007194243,122.5251798561151,0.7986095755645086,63.89551282051283,78,,,,,,
BP,COLORADO,NB OTHER SERVICES,7789,267,579.04,88,11,99,5.848888888888888,5,0.15259981975627915,0.0082,0.8391,0.3707865168539326,,93.99318255696114,16.676082778287135,15.31870417189564,33.490618542896065,,0.0934283452098179,469.2457627118644,371.60593220338984,0.7986095755645086,64.33777777777777,9,,,,,,
BP,COLORADO,NB WHEEL ALIGNMENT,7032,606,2153.59,137,57,194,11.100979381443299,9,0.4736948467497474,0.0168,0.5095,0.3201320132013201,,19.416877745016293,46.487357567577355,2.845373671199388,12.239202906987778,,0.1967741935483871,168.21857923497268,148.87431693989072,0.7986095755645086,56.67342105263158,38,,,,,,
BP,COLORADO,TOTAL,66788,3659,15457.880000000001,661,296,956,16.169330543933054,-,0.3423691279296274,-,-,0.26127357201421153,,113.5673387801881,21.367655846824462,15.338305600398357,38.52660061722504,,0.24294653639257877,464.86308178942613,375.4030727519205,0.8058869857491906,76.14719211822661,203,,,,,,
BP,MIDWEST,CP,3177,97,202.81,32,2,34,5.965,4,0.3483552631578947,0.002419605263157895,0.6492308114035088,0.35051546391752575,,2.665612357891921,2.074674209624116,0.9055860300474238,2.4690103506291914,,0.09448818897637795,350.6388888888889,294.8611111111111,0.7986095755645086,67.60333333333334,3,,,,,,
BP,MIDWEST,NB BRAKES,8350,611,2577.14,130,39,169,15.249349112426035,14.85,0.35279702551968906,0,0.6472,0.2765957446808511,,20.330637048849443,49.363001997611704,51.08336189474075,88.83592619204029,,0.24086687306501547,576.6760925449871,456.55012853470436,0.7986095755645086,62.8570731707317,41,,,,,,
BP,MIDWEST,NB OIL CHANGE,20859,1622,7009.64,211,211,422,16.61052132701422,15,0.5039988402155267,0.0011,0.4949,0.2601726263871763,,25.00243706350406,73.17390782539678,1.5629222108616494,9.510147109417687,,0.34395501405810686,143.77111716621255,106.87465940054496,0.7986095755645086,48.34234482758621,145,,,,,,
BP,MIDWEST,NB OTHER SERVICES,16455,614,1581.46,201,25,226,6.997610619469027,6.5,0.29579895378309873,0,0.7042,0.36807817589576547,,76.88802384134821,24.227461614573013,15.59244236580706,32.374981406109235,,0.1219951923076923,422.7389162561576,339.10837438423647,0.7986095755645086,56.480714285714285,28,,,,,,
BP,MIDWEST,NB WHEEL ALIGNMENT,4058,363,1194.51,62,37,99,12.065757575757576,9,0.5306656205047731,0,0.4693,0.2727272727272727,,7.256747550056295,40.33509929611779,0.9589871458488298,3.512569848651119,,0.2199367088607595,181.9496402877698,164.23021582733813,0.7986095755645086,54.29590909090909,22,,,,,,
BP,MIDWEST,TOTAL,52899,3307,12565.56,636,314,950,13.226905263157894,-,0.38485714909313135,-,-,0.28726942848503173,,114.7999727564908,59.68227180408045,21.373615235645897,50.16071076945756,,0.21160664303041612,353.45767195767195,281.3959435626102,0.7961234566053176,52.575564853556486,239,,,,,,
BP,TEXAS,CP,13929,469,921.0199999999999,145,23,168,5.482261904761904,4,0.3239679032445633,0.002852796836841493,0.6731837306663564,0.3582089552238806,,15.986553371917541,8.347994456535886,6.7425942980746685,9.343522030776121,,0.12311358220810167,481.0064516129032,390.1741935483871,0.7986095755645086,43.85809523809523,21,,,,,,
BP,TEXAS,NB BRAKES,25148,2035,6285.88,445,146,591,10.63600676818951,11,0.32020168580814384,0.0003,0.6795,0.29041769041769044,,117.96830653107398,39.477013215550784,33.21815229849372,67.42036198262404,,0.16485940084543282,492.9130434782609,396.711259754738,0.7986095755645086,64.80288659793814,97,,,,,,
BP,TEXAS,NB OIL CHANGE,39637,1889,5152.78,294,149,443,11.631557562076749,10,0.30189958260975536,0.0706,0.6276,0.23451561672842774,,88.06862930119124,22.628013410142046,1.0866821256012626,9.960529771194564,,0.18329177057356608,124.97619047619048,93.13265306122449,0.7986095755645086,63.614567901234565,81,,,,,,
BP,TEXAS,NB OTHER SERVICES,54648,2520,4172.66,547,82,629,6.633799682034976,5.5,0.2633004095398699,0.1511,0.5856,0.2496031746031746,,265.2938522758948,24.274177275797225,4.257676192503796,16.57459533441896,,0.12382567849686847,216.67755532139094,172.5563751317176,0.7986095755645086,53.49564102564102,78,,,,,,
BP,TEXAS,NB WHEEL ALIGNMENT,16552,1283,3552.05,279,78,356,9.977668539325844,9,0.41919716347980246,0.0107,0.5701,0.2774746687451286,,49.4346335201269,17.517991787384865,2.6283049872427977,11.230283061677175,,0.13394276629570748,219.08902077151336,194.79228486646883,0.7986095755645086,74.00104166666667,48,,,,,,
BP,TEXAS,TOTAL,149914,8196,20084.39,1710,478,2187,9.183534522176497,-,0.2999119753530989,-,-,0.26683748169838944,,555.9013922571286,25.54983247245618,9.285013086168082,27.76302601827768,,0.14239342133737287,316.45212765957444,255.74050151975683,0.808149097973111,61.798123076923076,325,,,,,,
,,,,,,,,,,,,,,,,,,,,,,,,,,,,,,,,
BP,ALL,TOTAL,323960,19207,61925.18,3656,1393,5047,12.26970081236378,-,0.3267214496928036,-,-,0.26276878221481753,,218.15566258639757,1876.251181134497,33.27360205503995,41.11757452159089,,0.10412083158233011,272.81695156695156,220.7718423551757,0.808149097973111,65.6682714740191,943,,,,,,
,,,,,,,,,,,,,,,,,,,,,,,,,,,,,,,,
MAVIS,GEORGIA,CP,42108,1904,3889.0099999999998,533,52,585,6.647880341880342,4,0.4347664477759881,0.08258123735183578,0.48265337938297614,0.3072478991596639,,28.60122231208638,4.618779183791682,2.5703413122221397,4.3866317600442395,,0.12311358220810167,481.0064516129032,390.1741935483871,0.8111620795107034,54.01402777777778,72,,,,,,
MAVIS,GEORGIA,NB AUTO SERVICE,9933,371,754.51,37,21,57,13.237017543859649,30,0.1173004251299008,0.0852,0.7975,0.15363881401617252,,32.403956650710974,8.156702738290877,8.779152949516073,23.051349868079487,,0.16495034939315925,492.9130434782609,396.711259754738,0.8048301115250044,83.83444444444444,9,,,,,,
MAVIS,GEORGIA,NB BRAKES,22242,1876,6695.11,418,152,570,11.745807017543859,8.5,0.26589996174445296,0.2599,0.4742,0.30383795309168443,,133.9766043556875,56.21002055575312,2.8612372408361977,26.287278087742163,,0.18340611353711792,124.97619047619048,93.13265306122449,0.7452031679503578,63.76295238095238,105,,,,,,
MAVIS,GEORGIA,NB TIRE SERVICE,22336,2243,4489.07,596,213,809,5.548912237330037,4,0.3564008871726955,0.1713,0.4722,0.3606776638430673,,263.27967062563096,87.44519584060593,12.806994550551144,41.83651604183482,,0.12384183740049588,216.67755532139094,172.5563751317176,0.7963740170308374,44.890699999999995,100,,,,,,
MAVIS,GEORGIA,NB TIRES,249649,17689,45406.24,3766,672,4438,10.231239296980622,5.25,0.4603377729261668,0,0.5396617703298993,0.2508903838543728,,508.5158153141097,11.854462063860995,1.3923326622172205,6.135058334158472,,0.13399602385685885,219.08902077151336,194.79228486646883,0.8891010794631127,76.31300840336134,595,,,,,,
MAVIS,GEORGIA,TOTAL,346268,24083,61233.939999999995,5350,1110,6459,9.480405635547298,-,0.3979323532926975,-,-,0.2681974837021966,,1030.7999876790088,18.542021291683916,5.238015850120201,17.615383361738324,,0.14243965797164196,316.45212765957444,255.74050151975683,0.808149097973111,69.50503972758229,881,,,,,,
