"February 22, 2026 - February 28, 2026",,,,,Budget:,48000,Recommendation,,,,,,,,,,,,,,,,,,Opportunity Score - Revenue,,,,Recommendation @ Max Ad ROI,,,,,,,,,,,,,,,,,,,,,
Brand,Region,Category,Opportunity Score - Revenue,,Expected Spend,LW Spend,Difference,Expected IS %,LW IS,Difference,Expected CPA,LW CPA,Difference,LW tCPA,tCPA Adjustment,Expected Car Count,LW Car Count,Difference,Expected Cost/Car,LW Cost/Car,Difference,Expected Revenue,LW Revenue,Difference,Expected Ad ROI,LW Ad ROI,Difference,,Expected Spend,LW Spend,Difference,Expected IS %,LW IS,Difference,Expected CPA,LW CPA,Difference,LW tCPA,Expected Car Count,LW Car Count,Difference,Expected Cost/Car,LW Cost/Car,Difference,Expected Revenue,LW Revenue,Difference,Expected Ad ROI,LW Ad ROI,Difference
BP,ARIZONA,CP,22.05422541866899,,620.5240377275718,125.92000000000002,494.6040377275718,58,16.89027947181418,41.10972052818582,4.700939679754332,2.679148936170213,2.021790743584119,2.65,2.050939679754332,25,5,20,24.820961509102872,25.184000000000005,-0.36303849089713225,9283.680555555557,1783.8657142857144,7499.814841269842,6793.512150421133,1399.2531587048763,5394.258991716257,,620.5240377275718,125.92000000000002,494.6040377275718,58,16.89027947181418,41.10972052818582,4.700939679754332,2.679148936170213,2.021790743584119,2.65,25,5,20,24.820961509102872,25.184000000000005,-0.36303849089713225,9283.680555555557,1783.8657142857144,7499.814841269842,6793.512150421133,1399.2531587048763,5394.258991716257
BP,ARIZONA,NB BRAKES,32.51907381666402,,4262.850900271257,6429.3,-2166.449099728743,28,37.18969917253113,-9.189699172531128,17.336738629533155,19.966770186335403,-2.6300315568022476,16,1.336738629533155,40,58,-18,106.57127250678143,110.85000000000001,-4.278727493218582,20137.735849056604,22854.152624403545,-2716.416775346941,11695.993805973396,16956.74567143831,-5260.751865464916,,8394.63133640553,6429.3,1965.3313364055293,57,37.18969917253113,19.810300827468872,22.811498196754155,19.966770186335403,2.844728010418752,16,76,58,18,110.45567547902013,110.85000000000001,-0.3943245209798789,38261.698113207545,22854.152624403545,15407.545488804,22161.52715416051,16956.74567143831,5204.781482722199
BP,ARIZONA,NB BRAKES T2,16.85607881336331,,1540.0194274731487,1161.33,378.6894274731487,49,34.71970072069098,14.28029927930902,21.690414471452797,19.038196721311476,2.6522177501413218,15.37,6.320414471452798,15,11,4,102.66796183154324,105.57545454545453,-2.907492713911296,7551.6509433962265,4386.156366734833,3165.4945766613937,4490.801327243833,3268.9457327880027,1221.8555944558302,,1540.0194274731487,1161.33,378.6894274731487,49,34.71970072069098,14.28029927930902,21.690414471452797,19.038196721311476,2.6522177501413218,15.37,15,11,4,102.66796183154324,105.57545454545453,-2.907492713911296,7551.6509433962265,4386.156366734833,3165.4945766613937,4490.801327243833,3268.9457327880027,1221.8555944558302
BP,ARIZONA,NB OIL CHANGE,13.154222592343446,,1724.3569093104077,4558.3,-2833.9430906895923,21,36.28994250164954,-15.289942501649541,10.193925210802885,13.647604790419162,-3.453679579616278,11,-0.8060747891971154,31,75,-44,55.62441642936799,60.77733333333334,-5.152916903965348,3399.8743718592964,3697.136013590035,-297.2616417307386,819.1021398738665,2034.570250913097,-1215.4681110392305,,6169.831455456434,4558.3,1611.5314554564338,59,36.28994250164954,22.71005749835046,15.820080655016497,13.647604790419162,2.1724758645973345,11,102,75,27,60.48854368094543,60.77733333333334,-0.288789652387905,11186.683417085427,3697.136013590035,7489.547403495392,2763.961040236686,2034.570250913097,729.3907893235892
BP,ARIZONA,NB OTHER SERVICES,53.300864593091156,,2985.0366553736126,369.47,2615.566655373613,57,13.429965981363704,43.57003401863629,9.851606123345256,4.7983116883116885,5.053294435033568,3.75,6.101606123345256,57,7,50,52.369064129361625,52.78142857142858,-0.4123644420669521,25018.869565217392,2878.471504178273,22140.39806103912,16995.27214920845,2224.367186110162,14770.904963098288,,2985.0366553736126,369.47,2615.566655373613,57,13.429965981363704,43.57003401863629,9.851606123345256,4.7983116883116885,5.053294435033568,3.75,57,7,50,52.369064129361625,52.78142857142858,-0.4123644420669521,25018.869565217392,2878.471504178273,22140.39806103912,16995.27214920845,2224.367186110162,14770.904963098288
BP,ARIZONA,NB WHEEL ALIGNMENT,10.027808233899293,,1264.3423226515692,1173.03,91.31232265156927,52,45.33115067185049,6.668849328149513,10.8063446380476,10.380796460176992,0.42554817787060806,7.8,3.0063446380476,22,20,2,57.47010557507133,58.6515,-1.1813944249286692,4446.961538461538,2913.2417889908256,1533.7197494707125,2287.043744130894,2090.3057790471885,196.7379650837056,,1264.3423226515692,1173.03,91.31232265156927,52,45.33115067185049,6.668849328149513,10.8063446380476,10.380796460176992,0.42554817787060806,7.8,22,20,2,57.47010557507133,58.6515,-1.1813944249286692,4446.961538461538,2913.2417889908256,1533.7197494707125,2287.043744130894,2090.3057790471885,196.7379650837056
BP,ARIZONA,TOTAL,35.759713665201815,,12397.130252807568,13817.35,-1420.219747192432,,,,,,,,,190,176,14,65.2480539621451,78.50767045454546,-13.259616492400369,69838.7728235466,38513.024012183225,31325.74881136338,43081.725316851574,27974.187779001637,15107.537537849938,,20974.385235087866,13817.35,7157.035235087866,,,,,,,,297,176,121,70.62082570736655,78.50767045454546,-7.8868447471789125,95749.54413292368,38513.024012183225,57236.52012074045,55492.11756540152,27974.187779001637,27517.92978639988
BP,COLORADO,CP,4.292174632371716,,562.6513411446297,501.38000000000005,61.271341144629616,35,31.92607109804562,3.0739289019543783,5.951999279538906,5.697500000000001,0.25449927953890494,4,1.9519992795389056,12,11,1,46.88761176205247,45.580000000000005,1.307611762052467,4339.5,3383.1176525821597,956.3823474178403,2900.1263216059892,2600.817021609969,299.3092999960204,,760.0005259365995,501.38000000000005,258.62052593659945,51,31.92607109804562,19.07392890195438,6.84685158501441,5.697500000000001,1.1493515850144096,4,17,11,6,44.7059132903882,45.580000000000005,-0.8740867096118023,6147.625,3383.1176525821597,2764.5073474178403,4149.551666043162,2600.817021609969,1548.7346444331934
BP,COLORADO,NB BRAKES,17.168698529486864,,2250.6053645785187,5712.98,-3462.374635421481,21,35.559759410166855,-14.559759410166855,17.206638248847923,23.036209677419354,-5.82957142857143,19.32,-2.113361751152077,22,54,-32,102.30024384447812,105.79592592592591,-3.4956820814477965,12908.214067278286,26125.108992974237,-13216.894925695951,7934.107279223917,19713.22273746421,-11779.115458240292,,7672.468202764977,5712.98,1959.4882027649774,57,35.559759410166855,21.440240589833145,26.640514592933947,23.036209677419354,3.604304915514593,19.32,73,54,19,105.10230414746543,105.79592592592591,-0.6936217784604821,42831.801223241586,26125.108992974237,16706.69223026735,26533.41839279139,19713.22273746421,6820.195655327181
BP,COLORADO,NB BRAKES T2,39.70788124962696,,2059.4885250891793,1527.04,532.4485250891794,51,35.00027477056658,15.999725229433423,30.286595957193814,26.328275862068963,3.9583200951248507,18.63,11.656595957193815,18,13,5,114.41602917162108,117.46461538461539,-3.0485862129943087,10561.266055045871,5918.964683840748,4642.301371205123,6374.839676554856,4419.410640213403,1955.429036341453,,2059.4885250891793,1527.04,532.4485250891794,51,35.00027477056658,15.999725229433423,30.286595957193814,26.328275862068963,3.9583200951248507,18.63,18,13,5,114.41602917162108,117.46461538461539,-3.0485862129943087,10561.266055045871,5918.964683840748,4642.301371205123,6374.839676554856,4419.410640213403,1955.429036341453
BP,COLORADO,NB OIL CHANGE,17.82266845402741,,2336.332784039938,4983.85,-2647.5172159600625,23,37.49975594994045,-14.49975594994045,14.418441209977216,18.52732342007435,-4.108882210097134,15,-0.5815587900227843,37,78,-41,63.1441292983767,63.89551282051283,-0.7513835221361305,5928.78417266187,7498.310416666667,-1569.5262440047973,2341.322570886854,4984.5228324822765,-2643.2002615954225,,6498.259471059679,4983.85,1514.4094710596783,57,37.49975594994045,19.50024405005955,21.166968961106445,18.52732342007435,2.6396455410320954,15,102,78,24,63.7084261868596,63.89551282051283,-0.1870866336532302,16344.215827338128,7498.310416666667,8845.905410671461,6554.387793745549,4984.5228324822765,1569.8649612632726
BP,COLORADO,NB OTHER SERVICES,33.490618542896065,,3573.6711111111113,579.04,2994.6311111111113,55,15.259981975627914,39.740018024372084,10.995911111111111,5.848888888888888,5.147022222222223,5,5.995911111111111,56,9,47,63.815555555555555,64.33777777777777,-0.5222222222222186,26277.76271186441,3761.204655581948,22516.55805628246,17412.001814995794,2887.1209422404263,14524.880872755368,,3573.6711111111113,579.04,2994.6311111111113,55,15.259981975627914,39.740018024372084,10.995911111111111,5.848888888888888,5.147022222222223,5,56,9,47,63.815555555555555,64.33777777777777,-0.5222222222222186,26277.76271186441,3761.204655581948,22516.55805628246,17412.001814995794,2887.1209422404263,14524.880872755368
BP,COLORADO,NB WHEEL ALIGNMENT,12.239202906987778,,1604.4090746495842,2153.59,-549.1809253504159,34,47.369484674974736,-13.369484674974736,9.726961100161715,11.100979381443299,-1.3740182812815842,9,0.7269611001617147,28,38,-10,57.30032409462801,56.67342105263158,0.6269030419964281,4710.120218579235,4268.018602150537,442.10161642869843,2156.598527090691,2974.768120204838,-818.1695931141471,,2301.8207246816255,2153.59,148.23072468162536,55,47.369484674974736,7.630515325025264,11.509103623408127,11.100979381443299,0.40812424196482766,9,41,38,3,56.141968894673795,56.67342105263158,-0.5314521579577871,6896.96174863388,4268.018602150537,2628.9431464833433,3206.1589700795284,2974.768120204838,231.3908498746905
BP,COLORADO,TOTAL,38.52660061722504,,12387.158200612961,15457.880000000001,-3070.72179938704,,,,,,,,,173,203,-30,71.60207052377434,76.14719211822661,-4.545121594452269,64725.64722542967,50954.725003796295,13770.922221633373,39118.996190358106,37579.86229421513,1539.1338961429792,,22865.708560643172,15457.880000000001,7407.828560643171,,,,,,,,307,203,104,74.48113537668786,76.14719211822661,-1.6660567415387533,109059.63256612388,50954.725003796295,58104.907562327586,64230.35831421027,37579.86229421513,26650.496019995146
BP,MIDWEST,CP,2.4690103506291914,,245.42889655172416,202.81,42.61889655172416,42,34.83552631578947,7.164473684210527,6.458655172413794,5.965,0.49365517241379386,4,2.4586551724137937,4,3,1,61.35722413793104,67.60333333333334,-6.246109195402298,1402.5555555555557,923.651942257218,478.90361329833763,874.6654003761416,696.7932935956089,177.8721067805327,,245.42889655172416,202.81,42.61889655172416,42,34.83552631578947,7.164473684210527,6.458655172413794,5.965,0.49365517241379386,4,4,3,1,61.35722413793104,67.60333333333334,-6.246109195402298,1402.5555555555557,923.651942257218,478.90361329833763,874.6654003761416,696.7932935956089,177.8721067805327
BP,MIDWEST,NB BRAKES,88.83592619204029,,3558.8825790654973,2577.14,981.7425790654975,55,35.2797025519689,19.720297448031097,17.794412895327486,15.249349112426035,2.545063782901451,14.85,2.9444128953274866,57,41,16,62.43653647483329,62.8570731707317,-0.4205366958984129,32870.537275064264,20897.326253869967,11973.211021194296,22691.843242750932,16169.793531606476,6522.0497111444565,,3558.8825790654973,2577.14,981.7425790654975,55,35.2797025519689,19.720297448031097,17.794412895327486,15.249349112426035,2.545063782901451,14.85,57,41,16,62.43653647483329,62.8570731707317,-0.4205366958984129,32870.537275064264,20897.326253869967,11973.211021194296,22691.843242750932,16169.793531606476,6522.0497111444565
BP,MIDWEST,NB OIL CHANGE,9.510147109417687,,1246.6634011673132,7009.64,-5762.976598832687,16,50.399884021552666,-34.399884021552666,9.365932507280306,16.61052132701422,-7.244588819733913,15,-5.634067492719694,28,145,-117,44.523692898832614,48.34234482758621,-3.818651928753596,4025.5912806539513,13858.59617619494,-9833.00489554099,1884.9133280054352,9655.933235450964,-7771.019907445529,,7348.894888597042,7009.64,339.2548885970418,59,50.399884021552666,8.600115978447334,17.050800205561583,16.61052132701422,0.4402788785473639,15,152,145,7,48.34799268813843,48.34234482758621,0.005647860552222994,21853.209809264306,13858.59617619494,7994.613633069366,10103.287721901681,9655.933235450964,447.35448645071665
BP,MIDWEST,NB OTHER SERVICES,32.374981406109235,,2690.8993563958174,1581.46,1109.4393563958174,55,29.57989537830987,25.42010462169013,8.822620840642024,6.997610619469027,1.825010221172997,6.5,2.322620840642024,48,28,20,56.0604032582462,56.480714285714285,-0.4203110274680881,20291.467980295565,10073.838076923075,10217.62990337249,13514.061274928841,7726.572650289371,5787.48862463947,,2690.8993563958174,1581.46,1109.4393563958174,55,29.57989537830987,25.42010462169013,8.822620840642024,6.997610619469027,1.825010221172997,6.5,48,28,20,56.0604032582462,56.480714285714285,-0.4203110274680881,20291.467980295565,10073.838076923075,10217.62990337249,13514.061274928841,7726.572650289371,5787.48862463947
BP,MIDWEST,NB WHEEL ALIGNMENT,3.512569848651119,,460.45473576541633,1194.51,-734.0552642345837,24,53.06656205047731,-29.06656205047731,8.507722048066874,12.065757575757576,-3.558035527690702,9,-0.49227795193312573,9,22,-13,51.16163730726848,54.29590909090909,-3.1342717836406138,1637.5467625899282,2767.213101265823,-1129.6663386758946,822.8203682991659,1969.3600044060079,-1146.539636106842,,1222.35736677116,1194.51,27.84736677116007,59,53.06656205047731,5.933437949522691,12.2235736677116,12.065757575757576,0.15781609195402346,9,23,22,1,53.14597246831131,54.29590909090909,-1.1499366225977852,4184.841726618705,2767.213101265823,1417.6286253528824,2119.6973083284493,1969.3600044060079,150.33730392244138
BP,MIDWEST,TOTAL,50.16071076945756,,8202.328968945769,12565.56,-4363.231031054231,,,,,,,,,146,239,-93,56.18033540373814,52.575564853556486,3.604770550181655,60227.69885415926,48520.62555051102,11707.073303648242,39788.30361436052,36218.45271534843,3569.85089901209,,15066.463087381242,12565.56,2500.9030873812426,,,,,,,,284,239,45,53.05092636401846,52.575564853556486,0.4753615104619726,80602.61234679839,48520.62555051102,32081.98679628737,49303.554948286044,36218.45271534843,13085.102232937614
BP,TEXAS,CP,9.343522030776121,,1224.8209012701918,921.0199999999999,303.80090127019196,42,32.39679032445633,9.603209675543667,6.201117572389185,5.482261904761904,0.718855667627281,4,2.201117572389185,28,21,7,43.74360361679256,43.85809523809523,-0.11449162130266899,13468.18064516129,9027.67579030977,4440.504854851521,9515.594514180551,7024.1037225197,2491.4907916608518,,1433.540392479758,921.0199999999999,512.5203924797582,56,32.39679032445633,23.603209675543667,6.698786880746534,5.482261904761904,1.2165249759846297,4,33,21,12,43.44061795393206,43.85809523809523,-0.4174772841631693,15873.212903225805,9027.67579030977,6845.537112916036,11242.959427010484,7024.1037225197,4218.855704490785
BP,TEXAS,NB BRAKES,67.42036198262404,,8837.980823025984,6285.88,2552.100823025984,45,32.020168580814385,12.979831419185615,12.337154824773135,10.63600676818951,1.7011480565836248,11,1.337154824773135,137,97,40,64.51080892719696,64.80288659793814,-0.29207767074117896,67529.08695652174,41739.5772688844,25789.509687637343,45034.2868439452,32067.710045795215,12966.576798149985,,9833.76986575774,6285.88,3547.88986575774,58,32.020168580814385,25.979831419185615,13.042135100474455,10.63600676818951,2.406128332284945,11,152,97,55,64.69585437998514,64.80288659793814,-0.10703221795300522,74922.78260869565,41739.5772688844,33183.20533981125,50000.28175348464,32067.710045795215,17932.571707689425
BP,TEXAS,NB OIL CHANGE,9.960529771194564,,1305.7030326785368,5152.78,-3847.0769673214627,15,30.189958260975537,-15.189958260975537,7.800597470841336,11.631557562076749,-3.8309600912354123,10,-2.1994025291586636,22,81,-59,59.3501378490244,63.614567901234565,-4.264430052210166,2749.476190476191,4995.06850374065,-2245.5923132644593,776.0492738077899,2951.3889864652547,-2175.3397126574646,,8891.016989298678,5152.78,3738.236989298678,59,30.189958260975537,28.810041739024463,14.769131211459598,11.631557562076749,3.1375736493828494,10,140,81,59,63.50726420927627,63.614567901234565,-0.10730369195829326,17496.666666666668,4995.06850374065,12501.598162926017,5081.988551161676,2951.3889864652547,2130.599564696421
BP,TEXAS,NB OTHER SERVICES,16.57459533441896,,2172.7257375563167,4172.66,-1999.934262443683,19,26.330040953986988,-7.3300409539869875,5.5424326375711574,6.633799682034976,-1.0913670444638184,5.5,0.04243263757115745,43,78,-35,50.5285055245655,53.49564102564102,-2.967135501075518,9317.13487881981,12703.564295407097,-3386.429416587287,5135.101153821966,9304.854321686511,-4169.753167864545,,9125.240849069183,4172.66,4952.580849069183,59,26.330040953986988,32.66995904601301,9.116124724344838,6.633799682034976,2.4823250423098617,5.5,171,78,93,53.363981573504,53.49564102564102,-0.13165945213702201,37051.86195995785,12703.564295407097,24348.297664550755,20464.73090464752,9304.854321686511,11159.87658296101
BP,TEXAS,NB WHEEL ALIGNMENT,11.230283061677175,,1472.152083102675,3552.05,-2079.897916897325,23,41.91971634798025,-18.91971634798025,7.359324948114221,9.977668539325844,-2.618343591211623,9,-1.6406750518857791,20,48,-28,73.60760415513376,74.00104166666667,-0.39343751153290896,4381.780415430268,6894.908664546901,-2513.128249116633,1983.3108584721128,4790.991225033767,-2807.6803665616535,,4116.264912688757,3552.05,564.2149126887571,57,41.91971634798025,15.080283652019752,10.803844915193588,9.977668539325844,0.8261763758677443,9,56,48,8,73.5047305837278,74.00104166666667,-0.4963110829388597,12268.985163204748,6894.908664546901,5374.076498657848,5681.86412110544,4790.991225033767,890.8728960716735
BP,TEXAS,TOTAL,27.76302601827768,,15013.382577633705,20084.39,-5071.007422366294,,,,,,,,,250,325,-75,60.05353031053482,61.798123076923076,-1.7445927663882586,97445.6590864093,75360.79452288883,22084.864563520474,62444.34264422762,56139.04830150044,6305.294342727175,,33399.83300929411,20084.39,13315.443009294111,,,,,,,,552,325,227,60.506943857416864,61.798123076923076,-1.291179219506212,157613.50930175072,75360.79452288883,82252.71477886189,92471.82475740975,56139.04830150044,36332.776455909305
,,,,,,,,,,,,,,,,,,,,,,,,,,,,,,,,,,,,,,,,,,,,,,,,,,
BP,ALL,TOTAL,33.27360205503995,,48000.00000000001,61925.18,-13925.179999999993,,,,,,,,,759,943,-184,63.2411067193676,65.6682714740191,-2.4271647546514927,292237.77798954485,213349.16908937934,78888.6089001655,184433.36776579783,157911.55109006562,26521.816675732203,,92306.38989240638,61925.18,30381.209892406383,,,,,,,,1440,943,497,64.10165964750443,65.6682714740191,-1.5666118265146594,443025.29834759666,213349.16908937934,229676.12925821732,261497.85558530755,157911.55109006562,103586.30449524193
,,,,,,,,,,,,,,,,,,,,,,,,,,,,,,,,,,,,,,,,,,,,,,,,,,
MAVIS,GEORGIA,CP,4.3866317600442395,,575.033509653055,3889.0099999999998,-3313.976490346945,14,43.476644777598814,-29.476644777598814,3.6345103384270048,6.647880341880342,-3.013370003453337,4,-0.36548966157299523,12,72,-60,47.919459137754586,54.01402777777778,-6.094568640023191,5772.077419354839,30753.76998411438,-24981.69256475954,4053.320034032773,24211.899451945992,-20158.57941791322,,4413.118142104809,3889.0099999999998,524.1081421048088,56,43.476644777598814,12.523355222401186,7.11793248726582,6.647880341880342,0.4700521453854787,4,82,72,10,53.81851392810742,54.01402777777778,-0.19551384967035546,39442.52903225806,30753.76998411438,8688.759048143682,27581.165728862932,24211.899451945992,3369.26627691694
MAVIS,GEORGIA,NB AUTO SERVICE,23.051349868079487,,3021.7486540854648,754.51,2267.238654085465,26,11.73004251299008,14.26995748700992,20.724623427255008,13.237017543859649,7.487605883395359,30,-9.275376572744992,38,9,29,79.5197014233017,83.83444444444444,-4.314743021142746,18730.695652173912,3879.9421883045234,14850.753463869389,11862.711239455517,2975.43667157043,8887.274567885088,,7026.215597643097,754.51,6271.705597643097,58,11.73004251299008,46.26995748700992,28.446216994506464,13.237017543859649,15.209199450646816,30,84,9,75,83.64542378146544,83.83444444444444,-0.18902066297900433,41404.69565217391,3879.9421883045234,37524.75346386939,26297.530221754896,2975.43667157043,23322.093550184465
MAVIS,GEORGIA,NB BRAKES,26.287278087742163,,3445.9390723664887,6695.11,-3249.170927633511,19,26.589996174445297,-7.589996174445297,9.596731916542144,11.745807017543859,-2.1490751010017153,8.5,1.0967319165421436,54,105,-51,63.81368652530535,63.76295238095238,0.05073414435297252,6748.714285714286,6370.086506550221,378.62777916406503,1574.3397753509507,3041.115826575172,-1466.7760512242212,,13685.236137140957,6695.11,6990.126137140957,59,26.589996174445297,32.4100038255547,15.78458608666777,11.745807017543859,4.038779069123912,8.5,215,105,110,63.65226110298119,63.76295238095238,-0.11069127797118483,26869.880952380954,6370.086506550221,20499.794445830732,6338.2842710223085,3041.115826575172,3297.1684444471366
MAVIS,GEORGIA,NB TIRE SERVICE,41.83651604183482,,5484.253059561578,4489.07,995.1830595615784,46,35.64008871726955,10.359911282730451,6.1226773122104206,5.548912237330037,0.5737650748803835,4,2.1226773122104206,124,100,24,44.227847254528854,44.890699999999995,-0.6628527454711417,26868.016859852476,17219.430978728957,9648.58588112352,15849.84487147034,12799.016128148247,3050.828743322094,,6038.4999360931015,4489.07,1549.4299360931018,57,35.64008871726955,21.35991128273045,6.417109390109566,5.548912237330037,0.8681971527795289,4,135,100,35,44.729629156245196,44.890699999999995,-0.16107084375479985,29251.469968387777,17219.430978728957,12032.03898965882,17256.610706688778,12799.016128148247,4457.594578540531
MAVIS,GEORGIA,NB TIRES,6.135058334158472,,804.2307444064538,45406.24,-44602.00925559354,2,46.033777292616676,-44.033777292616676,2.3843455328351886,10.231239296980622,-7.846893764145433,5.25,-2.8656544671648114,12,595,-583,67.01922870053782,76.31300840336134,-9.293779702823514,2629.0682492581604,84880.38186878728,-82251.31361952913,1445.7621891172657,70431.73614314117,-68985.97395402391,,49668.718108789195,45406.24,4262.478108789197,59,46.033777292616676,12.966222707383324,10.748478275003071,10.231239296980622,0.5172389780224496,5.25,651,595,56,76.29603396127372,76.31300840336134,-0.01697444208761567,142626.9525222552,84880.38186878728,57746.570653467905,77141.05933928202,70431.73614314117,6709.3231961408455
MAVIS,GEORGIA,TOTAL,17.615383361738324,,13331.20504007304,61233.939999999995,-47902.73495992695,,,,,,,,,240,881,-641,55.546687666971,69.50503972758229,-13.958352060611283,60748.572466353675,143103.61152648536,-82355.03906013168,34785.97810942685,113459.20422138102,-78673.22611195417,,80831.78792177116,61233.939999999995,19597.847921771165,,,,,,,,1167,881,286,69.26459976158625,69.50503972758229,-0.2404399659960319,279595.52812745585,143103.61152648536,136491.9166009705,154614.6502676109,113459.20422138102,41155.44604622989
